場所名稱,場所區域,場所地址,地點描述,LAT,LNG,緊急連絡電話,分機
高雄國賓大飯店,64000070,民生二路202號,1樓大廳櫃檯左側提款機旁,22.624054,120.290598,(07)2115201,2260
高雄市政府警察局總局,64000070,中正四路260號,市中路1樓大門會客室櫃檯旁,22.627883,120.290602,(07)2120800,
高雄展覽館股份有限公司,64000090,成功二路39號,高雄展覽館成功二路東邊入口處，服務台的後方。,22.608221,120.299449,(07)2131187,
高雄市前金區老人活動中心,64000070,文武一街65號1F,1樓大廳之大型書櫃旁,22.631464,120.293962,(07)2151115,
高雄市三民區第二衛生所,64000050,三民街222號2樓,位於千歲里里民活動中心大樓內,22.635297,120.290626,(07)2154156,
漢神名店百貨股份有限公司,64000070,成功一路266-1號,1F大廳服務台左側,22.619181,120.296345,(07)2157266,3166
高雄市政府勞工局勞工教育生活中心勞工博物館,64000070,中正四路261號6樓,展場開放空間,22.62713,120.289884,(07)2160509,
臺灣高雄地方法院民事執行處財稅大樓9樓,64000060,中正三路25號9樓,財稅大樓9樓由西側大門進入辦公室後右手側,22.630533,120.309997,(07)2161418,
臺灣高雄地方法院民事執行處財稅大樓10樓,64000060,中正三路25號10樓,大樓10樓進入提存所/登記處辦公室後左手側,22.630533,120.309997,(07)2161418,
臺灣高雄地方法院,64000070,市中一路171號,AED設置於市中一路大門進入後，法警室左方、志工服務台旁,22.626747,120.290455,(07)2161418,
臺灣高雄地方法院,64000070,河東路188號,"高雄地方法院河東路大門進入右側
聯合服務中心",22.626088,120.290101,(07)2161418,
臺灣高雄地方法院高雄簡易庭,64000070,河東路188號,高雄簡易庭進入後，1樓右側第二法庭,22.626138,120.290133,(07)2161418,
臺灣高雄地方法院鳳山辦公室,64000120,國泰路二段96號,"鳳山辦公室大門進入左側
法警室前方",22.619667,120.34871,(07)2161418,
漢來大飯店,64000070,成功一路266號,進入俱樂部，於健身中心櫃檯旁即可看見落地式AED設備與明顯標示。,22.619478,120.296487,(07)2161766,
漢來美食股份有限公司高雄分公司,64000070,成功一路266號,進入海港自助餐廳左側，於化妝室旁即可看見落地式AED設備與明顯標示。,22.618907,120.295918,(07)2161766,
漢來大飯店,64000070,成功一路266號,於服務中心櫃檯右後方辦公室內之左側總機組辦公室桌子，即可看到AED設備。,22.619478,120.296487,(07)2161766,
高雄市立中醫醫院,64000070,中華三路68號1-4樓部份樓層,本院三樓志工服務台旁,22.625416,120.294536,(07)2163186,601
愛之船服務中心(國賓站),64000070,中正四路211號5樓之3,愛河邊 國賓飯店前方,22.624699,120.289941,(07)2215844,
高雄市五福國中,64000080,五福一路12號,五福樓一樓玄關，總務處西側牆壁處,22.628932,120.317033,(07)2223036,
香港商世界健身事業有限公司高雄和平分公司,64000080,和平一路218號,飲料販賣機旁,22.630899,120.317875,(07)2223222,
高雄市文化中心,64000080,五福一路67號,駐警隊內,22.625798,120.31814,(07)2225136,8229或8926
靜和醫院,64000060,民族二路178號,4樓病房區,22.636187,120.313993,(07)2229612,
交通部臺灣鐵路管理局高雄運務段民族站,64000050,博惠里凱旋一路260號,售票口旁,22.637125,120.326005,(07)2231492,
交通部臺灣鐵路管理局高雄運務段科工館站,64000050,寶盛里大順三路307號,售票口旁,22.637145,120.325999,(07)2234778,
高雄市苓雅區凱旋國小,64000080,憲政路235號,前棟大樓的玄關(大門口),22.636486,120.320214,(07)2235181,
高雄市立高雄特殊教育學校,64000080,憲政路233巷2號,大門入口中庭右側靠近走廊處牆壁,22.635391,120.322529,(07)2235940,122
高雄市新興衛生所,64000060,中正三路25號4樓,服務台左前方,22.630582,120.31,(07)2294121,
福華大飯店股份有限公司高雄分公司,64000060,七賢一路311號,進門右側即可看見落地式AED裝備與明顯標示。,22.634005,120.30819,(07)2307737,
衛生福利部中央健康保險署高屏業務組,64000070,中正四路259號,1樓民眾等候區警衛台旁,22.627255,120.290366,(07)2315151,
高雄汽車客運公司南華站,64000050,南華路245號,進入候車室右側,22.638095,120.303565,(07)2355120,
謝外科醫院,64000050,河北一路330號,二樓病房區護理站旁,22.636807,120.303184,(07)2360121,
高雄市信義國小,64000060,中正三路32號,前棟行政大樓，玄關川堂。,22.631144,120.311038,(07)2365163,21
萬海航運股份有限公司高雄分公司,64000060,忠孝一路456號12樓,七賢一路及忠孝一路交叉路口12樓,22.634532,120.306632,(07)2369636,
國眾大飯店股份有限公司,64000050,建國二路268號,飯店大廳，櫃檯左前方,22.637695,120.304622,(07)2370117,
交通部臺灣鐵路管理局高雄運務段高雄站,64000050,建國二路318號,1月台行車室旁,22.640043,120.301414,(07)2371507,
交通部臺灣鐵路管理局高雄運務段高雄站,64000050,建國二路318號,東售票口1號窗口旁,22.63998,120.301734,(07)2371507,
交通部臺灣鐵路管理局高雄運務段高雄站,64000050,建國二路318號,西側剪票口旁,22.639843,120.301628,(07)2371507,
交通部臺灣鐵路管理局高雄運務段高雄站,64000050,建國二路318號,2月台行車室旁,22.640008,120.30181,(07)2371507,
華園飯店股份有限公司,64000070,六合二路279號,"飯店一樓經過櫃台,在真龍餐廳門口外牆上",22.629132,120.290915,(07)2410123,
高雄市李科永紀念圖書館,64000070,民生二路37號,從館內往外看，AED位於大門口左側牆面上,22.625541,120.298495,(07)2610005,
大立百貨,64000070,五福三路59號,服務中心休息區,22.621712,120.297488,(07)2613060,2105
大立精品,64000070,五福三路57號,走道旁,22.621679,120.298294,(07)2613060,2105
財團法人國家實驗研究院台灣海洋科技研究中心,64000070,河南二路196號,進入本大樓正門後，通過右方10公尺處之玻璃門，右手邊即是設置AED之茶水間。,22.63253,120.288062,(07)2618688,111
高雄市鳳山區新甲國民小學,64000120,新富路255號,"至真樓一樓文化走廊在正門口一進門處,是人潮來往地點",22.61297,120.340042,(07)2624716,
實踐大學高雄校區,64000080,苓南路2號,推廣教育部高雄中心,22.613208,120.294003,(07)2696666,
高雄市政府警察局婦幼警察隊,64000070,中正四路246號,婦幼警察隊部1樓值班台右側牆壁,22.628157,120.29141,(07)2716658,
香港商世界健身事業有限公司高雄中華分公司,64000070,中華三路149號1樓,一樓大門左手邊，靠近客服櫃台旁邊。,22.6305,120.295258,(07)2722000,
香港商世界健身事業有限公司高雄中華分公司,64000070,中華三路149號1樓,四樓教練櫃台旁,22.625416,120.294536,(07)2722000,
家福股份有限公司高雄愛河分公司,64000050,河東路356號,B1收銀結帳12號機出口旁。,22.63403,120.285928,(07)2725066,
高雄市立前金國中,64000070,六合二路278號,前金國中進校園玄關右側,22.629388,120.290555,(07)27259813,6
新興高中,64000060,五福二路218號,學校大門口玄關右側,22.624417,120.304169,(07)2727127,2042
海洋委員會海巡署東南沙分署東沙指揮部,64000100,高雄市旗津區中興里18鄰東沙1號,值班台旁,20.699634,116.724718,(07)2771001,
海洋委員會海巡署東南沙分署南沙指揮部,64000100,中興里18鄰南沙1號,值班桌旁牆面,10.375766,114.364248,(07)2781001,
高雄市三民國民小學,64000050,建國三路216號,"紅樓一樓健康中心旁,右邊川堂",22.636541,120.291342,(07)2810378,24
健身工廠五福廠,64000060,五福二路262號3樓,3F教練部櫃台旁,22.623464,120.301377,(07)2813838,
健身工廠博愛廠,64000030,博愛三路102號,3F教練部前面柱子,22.673214,120.304943,(07)2813838,
高都豐田汽車青年服務廠,64000060,青年一路328號,客休室入口櫃檯旁,22.62143,120.305988,(07)2827181,
國立中山大學,64000020,蓮海路70號,游泳池位於操場和網球場的附近約50公尺的地方，AED放在1樓服務台,22.623132,120.263911,(07)2833000,
交通部臺灣鐵路管理局高雄運務段三塊厝站,64000050,德北里康平街1 號,售票口旁,22.639363,120.294027,(07)2856234,
高雄市立高雄高級中學,64000050,建國三路50號,"近運動場西側,綜合大樓1樓中庭",22.639097,120.298534,(07)2861730,
高雄市立高雄高級中學,64000050,建國三路50號,高雄中學體育館1樓 進大門上樓梯左側,22.63832,120.299429,(07)2861730,
高雄市立高雄高級中學,64000050,建國三路50號,高雄中學 軍訓大樓1樓 進門右側牆上,22.638125,120.298373,(07)2861730,
和泰汽車高雄服務廠,64000170,高楠公路94號,一樓樓梯入口處,22.711875,120.325816,(07)3103432,
高雄市博愛國小,64000050,十全一路202號,大門口進入後左方一樓靠牆處,22.64539,120.306948,(07)3110708,
高雄醫學大學,64000050,十全一路100號,濟世大樓一樓電梯口旁,22.646949,120.311004,(07)3121101,2117
健身工廠同盟廠,64000050,同盟三路642號,教練部旁，有氧教室外,22.649691,120.287134,(07)3133888,
高雄市三民區愛國國小,64000050,十全一路一號,"進校門直走迎賓大道至崇愛樓一樓穿堂,AED放置於左側公共電話旁",22.644576,120.313442,(07)3161191,
美奇萊育樂股份有限公司,64000050,十全一路161號,1樓售票櫃檯內側,22.644834,120.309411,(07)3210663,
高雄市政府勞工局博愛職業技能訓練中心,64000050,十全三路101號,2樓電梯與飲水機的牆壁上,22.646185,120.289602,(07)3214033,
高雄市政府水利局水情中心,64000050,同盟三路430號,一樓服務台旁,22.644521,120.282858,(07)3215929,232
高雄醫學大學,64000050,十全一路100號,第一教學大樓B1電梯出口處,22.647888,120.310544,(07)3220809,
高雄醫學大學,64000050,十全一路100號,國研大樓地下2F大講堂,22.646655,120.310507,(07)3220809,
高雄醫學大學,64000050,十全一路100號,新館宿舍一樓大廳,22.647997,120.309498,(07)3220809,
高雄市輪船(股)公司  新光碼頭站,64000070,中正四路211號5樓之3,大門進入後，左側靠牆處，(因本站體內為開放空間，無任何遮蔽物，進入後，即可清楚看見AED擺放位置)。,22.609326,120.297198,(07)3220998,
野村證券投資信託股份有限公司高雄分公司,64000050,博愛路一段366號21樓之2,野村投信辦公室 櫃台旁  (王象大樓),22.648344,120.326254,(07)3225525,
高雄市立三民國民中學,64000050,十全一路200號,善樓1樓保健室室外,22.64653,120.306679,(07)3227751,
德立莊博愛館,64000050,博愛一路338號,電梯正前方,22.650362,120.303771,(07)3238777,
台灣高速鐵路(股)公司,64000030,高鐵路105號,北上(2)月台站務室前方,22.686927,120.307827,(07)32623000,
台灣高速鐵路(股)公司,64000030,高鐵路105號,北上(3)月台站務室座位前方,22.686927,120.307827,(07)32623000,
台灣高速鐵路(股)公司,64000030,高鐵路105號,北上(1)月台站務室座位前方,22.686927,120.307827,(07)32623000,
台灣高速鐵路(股)公司,64000030,高鐵路105號,2F大廳南付費區,22.686927,120.307827,(07)32623000,
高雄市立成功特殊教育學校,64000090,復興三路3號,進校門口前棟(行政大樓)1樓中庭，右前方明顯位置,22.606127,120.302074,(07)3304624,
家福股份有限公司光華分公司,64000090,光華二路157號,一樓結帳收銀線牆壁,22.61123,120.317327,(07)3306189,
寒軒國際大飯店股份有限公司,64000080,四維三路33號,進門左側服務中心櫃檯旁即可看見落地式AED裝備與明顯標示,22.619176,120.310845,(07)3308800,6115
高雄市前鎮區獅甲國民小學,64000090,中山三路45號,獅甲國小警衛室內,22.60646,120.307323,(07)3311465,
高雄市前鎮區愛群國民小學,64000090,二聖二路194號,學校大門口進入後第一棟二聖樓玄關處,22.613781,120.312487,(07)3320323,
高雄市政府勞工局勞工教育生活中心獅甲會館,64000090,中山三路132號,住宿部櫃檯,22.607712,120.309556,(07)3328110,9
祥全診所,64000090,復興三路393號2樓,二樓櫃台旁,22.613569,120.311235,(07)3340393,
高雄市苓雅區成功國民小學,64000080,華新街59號,放置於警衛室門口之牆邊,22.626881,120.326254,(07)3341882,
高雄市前鎮區復興國民小學,64000090,民權二路331號,大門進入後在穿堂玄關,22.608282,120.311687,(07)3351784,2
高雄市苓雅區苓洲國民小學,64000080,四維四路61號,百苓大樓玄關 靠東側牆面,22.615658,120.300076,(07)3351804,7
高雄市立苓雅國民中學,64000080,四維三路176號,操場旁的中央川堂,22.61832,120.306327,(07)3353307,
新光三越百貨(股)公司 高雄三多分公司,64000090,三多三路213號,8F育嬰室,22.614348,120.306859,(07)3366100,7119
好市多股份有限公司,64000090,中華五路656號,1F收銀區旁,22.603696,120.306336,(07)3380006,
好市多股份有限公司,64000090,中華五路656號,B1眼鏡部旁,22.603437,120.30634,(07)3380006,
太平洋崇光百貨股份有限公司高雄店,64000090,三多三路217號,SOGO高雄店1樓東側二部電梯旁,22.614252,120.306006,(07)3381000,
香港商世界健身事業有限公司小港分公司,64000090,民權二路8號1樓,1樓大門入口正面對,22.605179,120.309573,(07)3382266,
健身工廠三多廠,64000090,文橫三路59號,2樓影印機旁,22.613622,120.306946,(07)3388800,
Curves女性專用30分鐘健身中心-左營高鐵店,64000030,華夏路1138號2樓,在展示櫃右方，在運動的右後方,22.683561,120.308454,(07)3411052,
高雄市立新莊高級中學,64000030,文慈路99號,新莊高級中學警衛室,22.681408,120.317664,(07)3420103,889
高雄市獅湖國小,64000050,鼎金後路495號,獅湖國小忠孝玄關西側(近家長會辦公室),22.672367,120.32233,(07)3424782,
文藻外語大學千禧樓宿舍,64000050,民族一路900號,千禧樓宿舍一樓,22.670349,120.31914,(07)3429958,
文藻外語大學,64000050,民族一路900號,求真樓1樓穿堂,22.670349,120.31914,(07)3429958,
文藻外語大學,64000050,民族一路900號,正氣樓穿堂靠近樓梯處,22.670349,120.31914,(07)3429958,
高雄市立左營國中,64000030,曾子路281號,輔導室外牆,22.679516,120.30688,(07)3433080,
高雄市三民區河堤國小,64000050,裕誠路3號,大門進入後前庭玄關健康中心門口旁,22.663274,120.314981,(07)3436556,831
高雄市左營區新光國小,64000030,華夏路800號,健康中心外走廊(面對華夏路校門口),22.680017,120.304569,(07)3438577,210
九和汽車股份有限公司高雄分公司,64000030,民族一路747號,會客室,22.674369,120.317941,(07)3438800,
Curves可爾姿高雄河堤店(右騰實業有限公司),64000050,裕誠路72號2樓,2樓門口一進入即會看到在左前方,22.663965,120.31392,(07)3454993,
裕昌汽車股份有限公司大中分公司,64000030,大中一路399號,客休休息區,22.677565,120.321127,(07)3462555,
新光三越高雄左營店 彩虹市集,64000030,高鐵路115號3樓,"位於新光三越高雄左營店彩虹市集3F服務台,另外於本館3F空橋也有設置另一組AED",22.688198,120.309767,(07)3469999,5119
新光三越百貨股份有限公司高雄左營分公司,64000030,高鐵路123號,AED放置於本館3樓空橋出入口 春水堂對面,25.041583,121.536856,(07)3469999,5119
高雄市左營區福山國民小學,64000030,重愛路99號,福山國小自在樓1樓川堂,22.683745,120.317362,(07)3487633,
高都汽車LEXUS民族廠,64000030,民族一路879號,民族所展示間南邊大門入口右側,22.678475,120.318779,(07)3501558,
高雄市立福山國民中學,64000030,重信路215號,一樓學務處旁近員生社門口,22.680614,120.315075,(07)3501581,
高雄市政府環境保護局中區資源回收廠回饋設施,64000050,鼎金一巷22號,回饋設施B棟1樓管理室,22.664663,120.32912,(07)3509143,
交通部臺灣鐵路管理局高雄運務段楠梓站,64000040,建楠路229號,位於車站大廳內售票窗口與自動售票機之間。,22.727035,120.324371,(07)3510175,
萬美崙仁大股份有限公司,64000160,經建路3號,辦公大樓1樓,22.723998,120.335484,(07)3510436,
高雄市大社區衛生所,64000160,自強街7號,衛生所一樓大廳右側,22.731176,120.347098,(07)3511774,
高雄市楠梓區衛生所,64000040,楠梓路202號,大門入口左側,22.732236,120.328359,(07)3512110,
高雄市殯葬管理處第二殯儀館大社分館,64000160,和平路二段291號,行政中心裡面,22.71576,120.361791,(07)3512921,
中國石油化學工業開發股份有限公司大社廠,64000160,興建路1號,辦公大樓1樓,22.725664,120.340282,(07)3513521,238
中國石油化學工業開發股份有限公司大社廠,64000160,興建路1號,品管課,22.725664,120.340282,(07)3513521,238
中國石油化學工業開發股份有限公司大社廠,64000160,興建路1號,地磅站,22.725664,120.340282,(07)3513521,238
中國石油化學工業開發股份有限公司大社廠,64000160,興建路1號,公用一場辦公室,22.725664,120.340282,(07)3513521,238
中國石油化學工業開發股份有限公司大社廠,64000160,興建路1號,醫務室,22.725664,120.340282,(07)3513521,238
中國石油化學工業開發股份有限公司大社廠,64000160,興建路1號,公用二場辦公室,22.725664,120.340282,(07)3513521,238
中國石油化學工業開發股份有限公司大社廠,64000160,興建路1號,AN控制室,22.725664,120.340282,(07)3513521,238
大連化學工業股份有限公司高雄廠,64000160,三奶里興工路1-3號,大門口警衛室,22.720297,120.34248,(07)3514151,
高雄市立楠梓國民中學,64000040,楠梓路336號,宗合大樓一樓玄關右邊，健康中心外側,22.734499,120.327394,(07)3517191,22
統一速達股份有限公司高雄轉運中心,64000040,高楠公路939號,轉運中心旁的樓梯(文德，B17),22.711714,120.324741,(07)3519939,
高都汽車楠梓廠,64000040,楠陽路139號,精品櫃旁,22.723211,120.329121,(07)3520501,
台灣糖業股份有限公司高雄區處楠梓學苑,64000040,卓越路51巷6號,位於大門出入口前方的閱覽室內,22.751231,120.332758,(07)3544962,
嘉誠國民小學,64000160,嘉誠里嘉誠路22號,嘉誠國小健康中心前走廊.公共空間,22.748265,120.380119,(07)3560418,
台灣高雄少年及家事法院,64000040,常順街89號,家事法庭大樓法警室旁,22.732238,120.335033,(07)3573511,
台灣高雄少年及家事法院,64000040,興楠路182號,少年法庭大樓法警室旁,22.73154,120.335024,(07)3573511,
高雄高等行政法院,64000040,興楠路180號,本院大廳一樓出入口法警執勤台左後方,22.731406,120.335807,(07)3573793,
海洋國家公園管理處(解說服務中心),64000040,德民路24號,解說導覽大廳蘭嶼展區右側,22.732475,120.316855,(07)3601898,
海洋國家公園管理處(東沙管理站),64000100,東沙52號,東沙管理站1樓大廳,20.698717,116.732183,(07)3601898,
國立中山大學附屬國光高級中學,64000040,後昌路512號,忠孝館1F健康中心前門進入後左邊窗戶柱子上設有一木箱上有AED標示AED就放置在箱子內，箱子門打開會發生警報鈴聲及閃光,22.708348,120.30526,(07)3603600,
國立高雄科技大學(楠梓校區),64000040,高雄市楠梓區海專路142號,國立高雄科技大學(楠梓校區)宿舍服務中心,22.717537,120.303187,(07)3610247,23853
健身工廠楠梓廠,64000040,藍田里大學東路290號,教練部櫃檯正前方柱子,22.729311,120.290333,(07)3611333,
高雄市楠梓區莒光國民小學,64000040,後昌路842號,門口,22.711558,120.295275,(07)3612078,
高雄市援中國民小學,64000040,中和里大學26街1150號,新大門玄關左側,22.728473,120.278304,(07)3612193,0
高雄市立右昌國小,64000040,加昌路910號,由正門進入至玄關左側,22.713674,120.292153,(07)3612368,722
日月暘電子股份有限公司一廠,64000040,新經一路10號,1F(西側)警衛室,22.724412,120.309155,(07)3612989,84595
日月光半導體製造股份有限公司附設員工醫務室,64000040,經五路123號,員工醫務室大廳,22.721849,120.301623,(07)3617131,
日月光電子股份有限公司,64000040,開發路73號,一樓大門警衛室,22.719952,120.300497,(07)3617131,
日月光半導體製造股份有限公司K23廠區,64000040,研發路66號,1F(西側)警衛室,22.713791,120.300275,(07)3617131,10122
日月光半導體製造股份有限公司包裝材料廠,64000040,西八街21號,1F(北側)警衛室,22.722416,120.298952,(07)3617131,10131
日月光半導體製造股份有限公司K8廠區,64000040,西五街10號,1F(東北側)警衛室,22.721791,120.301375,(07)3617131,10180
日月光半導體製造股份有限公司K12廠區,64000040,內環北路115號,1F(東側)警衛室,22.723448,120.299495,(07)3617131,82807
日月光半導體製造股份有限公司K1廠區,64000040,經三路26號,1F(西側)警衛室,22.721133,120.306328,(07)3617131,83062
日月光半導體製造股份有限公司K3廠區,64000040,開發路47號,BF(東側)警衛室,22.721012,120.305406,(07)3617131,83067
日月光半導體製造股份有限公司K4廠區,64000040,開發路31號,1F(西側)警衛室,22.721565,120.30529,(07)3617131,83072
日月光半導體製造股份有限公司K5廠區,64000040,經六路66號,1F(北側)警衛室,22.722371,120.300752,(07)3617131,83075
日月光半導體製造股份有限公司K6廠區,64000040,開發路21號,1F(北側)警衛室,22.722249,120.306755,(07)3617131,83082
日月光半導體製造股份有限公司K10廠區,64000040,中一街5號,1F(北側)警衛室,22.720084,120.305731,(07)3617131,83083
日月光半導體製造股份有限公司K7廠區,64000040,內環北路109號,1F(南側)警衛室,22.723286,120.300434,(07)3617131,83085
日月光半導體製造股份有限公司K14C廠區,64000040,經六路55號,1F(南側)警衛室,22.721464,120.300038,(07)3617131,84911
日月光半導體製造股份有限公司K6A廠區,64000040,開發路15-3號,3F(北側)警衛室,22.722338,120.307342,(07)3617131,86088
日月光半導體製造股份有限公司K11廠區,64000040,中央路30號,1F(西南側)警衛室,22.722334,120.305001,(07)3617131,88000
日月光半導體製造股份有限公司K15廠區,64000040,新經一路11號,1F(東側)警衛室,22.724828,120.308286,(07)3617131,88024
日月光半導體製造股份有限公司K21廠區,64000040,創意南路2號,1F(西南側)警衛室,22.713214,120.301512,(07)3617131,88653
日月光半導體製造股份有限公司K14B廠區,64000040,西六街52號,1F(南側)警衛室,22.721328,120.299542,(07)3617131,89192
日月光半導體製造股份有限公司K6B廠區,64000040,開發路16號,1F(南側)警衛室,22.722938,120.307389,(07)3617131,89946
日月光半導體製造股份有限公司K22廠區,64000040,創意北路1號,1F(西北側)警衛室,22.714693,120.300595,(07)3617131,87093
日月光半導體製造股份有限公司K10A廠區,64000040,內環南路2號,2F(南側)警衛室,22.720325,120.310198,(07)3617131,88025
國立高雄科技大學(楠梓校區),64000040,高雄市楠梓區海專路142號,國立高雄科技大學(楠梓校區)行政大樓1樓校安中心外牆,22.724741,120.314634,(07)3617141,22087;(07)3630062
國立高雄科技大學(楠梓校區),64000040,高雄市楠梓區海專路142號,國立高雄科技大學(楠梓校區)體育室辦公室內鄰近游泳池,22.724741,120.314634,(07)3617141,22922
國立高雄科技大學(旗津校區),64000100,中洲三路482號,旗津校區宿舍服務中心入口處,22.608746,120.272169,(07)3617141,26101
經濟部加工出口區管理處從業員工服務中心,64000040,加工出口區經二路15號,大門入口左側,22.72368,120.306699,(07)3617171,
高雄市加昌國小,64000040,樂群路220號,AED放置於本校最靠近大門之一樓大玄關處,22.720685,120.296825,(07)3627169,5031
高雄市立油廠國小,64000040,左楠路4號,舊大門新南樓穿堂,22.708962,120.302816,(07)3632300,
日月光女子宿舍,64000040,德賢路88號,員工宿舍迴廊,22.728326,120.309562,(07)3633835,
高雄市右昌國中,64000040,盛昌街161號,學務處玄關旁(保健中心前),22.713562,120.286841,(07)3640451,0391
高雄市立中山高級中學,64000040,藍昌路416號,"1.科技大樓為行政教學大樓之中樞
2.前方為體育組
3.右側為健康中心
4.腹地寬闊可作車輛和人潮之轉圜處",22.729032,120.293341,(07)3641116,
高雄市立楠梓特殊學校,64000040,德民路211號,校門口一進去的左側穿堂，靠近穿堂佈告欄處。,22.728072,120.313548,(07)3642007,
香港商世界健身事業有限公司楠梓分公司,64000040,德民路951號,2樓教練櫃台,22.720419,120.28898,(07)3643333,
高雄市國昌國民中學,64000040,德民路1010號,位在一樓玄關、樓梯旁,22.719329,120.285525,(07)3644300,
鎵興國際股份有限公司高雄分公司,64000040,大學七街336、338號,設置於大廳右邊電梯對面牆,22.72973,120.289256,(07)3646162,103
李長榮化學工業股份有限公司 楠梓廠,64000040,研發路66-9號,李長榮化學工業股份有限公司 楠梓廠,22.712816,120.299626,(07)3648814,
致茂電子股份有限公司高雄分公司,64000040,北內環東路1號,警衛室旁,22.724179,120.310826,(07)3656188,8062
裕昌汽車股份有限公司右昌分公司,64000040,德民路938號,休息區,22.721099,120.289221,(07)3662555,
高雄市翠屏國民中小學,64000040,翠屏路135號,行政大樓玄關處正對校門(學校中心 ),22.728681,120.29951,(07)3683018,
高雄市翠屏國民中小學,64000040,翠屏路135號,學務處旁樓梯處(近國中部教學大樓),22.728507,120.299038,(07)3683018,
澄清湖風景區,64000180,大埤路32號,澄清湖風景區遊客中心文史館(原淡水館),22.658941,120.360419,(07)3700821,
澄清湖風景區服務台,64000180,大埤路32號,進觀光大門服務台內右側,22.651962,120.34957,(07)3700821,
高雄市鳥松區大華國民小學,64000180,大華路200號,校門口進來的一樓穿堂,22.653388,120.340309,(07)3701359,
高雄市仁武區仁武國民小學,64000170,中正路94號,辦公室走廊靠近穿堂,22.701564,120.348905,(07)3711126,
高雄市仁武區衛生所,64000170,地政街23號,1樓大門入口右邊服務台後方,22.700835,120.351664,(07)3711434,
高雄市立大灣國民中學,64000170,仁雄路99號,學務處門口,22.676877,120.343802,(07)3711715,
中國青年救國團澄清湖青年活動中心,64000180,文前路140號,服務處內，AED裝置放置電視機與書櫃旁。,22.668828,120.350246,(07)3717181,
高雄市仁武區灣內國民小學,64000170,仁心路31號,健康中心外面走廊，鄰近教室、辦公室及操場,22.690484,120.368653,(07)3718228,
高雄市市立仁武高中,64000170,仁林路20號,仁武高中健康中心,22.702059,120.355981,(07)3721640,
高雄市明山慈安居老人養護中心,64000170,考潭里成功路5號,一樓大廳進門右前方明顯處,22.684814,120.364247,(07)3722268,
高雄市仁武區竹後國民小學,64000170,竹後里竹楠路250號,學校穿堂,22.706214,120.333143,(07)3724460,
7-11 京富門市,64000170,八德南路382號,"門市出入口, 收銀櫃檯旁",22.681284,120.340024,(07)3732953,
國1北上往國10西向匝道改善紀國10主線配合改善工程,64000170,八德西路與大中一路路口,營建土木工地員工休息區,22.676241,120.331197,(07)3743031,
高雄市仁武資源回收(焚化)廠,64000170,烏林里仁安二巷100號,行政大樓大廳左手邊,22.700277,120.36866,(07)3743855,
澄合牙醫診所,64000170,澄德路21號1樓,冰箱上面,22.683277,120.345295,(07)3746920,
高雄市立仁武特殊教育學校,64000170,澄觀路1389號,本校穿堂,22.683643,120.346132,(07)3749788,
國立科學工藝博物館,64000050,九如一路720號,北館一樓三角大廳入口處旁,22.641431,120.322551,(07)3800089,
高雄市立正興國民中學,64000050,覺民路850號,高雄市三民區覺民路850號,22.644125,120.31976,(07)3809591,
育英醫護管理專科學校,64000050,大昌二路420巷15號,大門警衛室旁,22.649699,120.332444,(07)3811765,
育英醫護管理專科學校,64000050,大昌二路420巷15號,靜思樓一樓衛生保健組旁,22.650364,120.333014,(07)3811765,
裕昌汽車股份有限公司陽明分公司,64000050,陽明路259號,休息區,22.642795,120.341709,(07)3812789,
高雄市三民區莊敬國小,64000050,大昌一路200號,大門玄關,22.656037,120.324326,(07)3813210,
Curves高雄大昌店(右騰實業有限公司淡水營業所),64000050,大昌一路12號3樓,店鋪門口一進去，右轉，直走到底即可看見,22.652994,120.328179,(07)3814191,
國立高雄科技大學,64000050,建工路415號,警衛室西側外牆上,22.651767,120.328657,(07)3814526,2660
國立高雄科技大學燕巢校區,64000210,深中路58號,高科大燕巢校區商業智慧大樓1樓MA105教室旁,22.772696,120.402643,(07)3814526,535
高雄市立高雄高級工業職業學校,64000050,建工路419號,一樓玄關,22.650666,120.326415,(07)3815366,
高雄市殯葬管理處第一殯儀館,64000050,本館路600巷20號,第一殯儀館服務中心入口處右邊,22.660657,120.332337,(07)3816316,106
高雄市立民族國中,64000050,覺民路363號,"進學校正門,一樓川堂前段,值夜室旁",22.640511,120.33318,(07)3818718,
高雄市三民區衛生所,64000050,鼎山街660號,衛生所內一樓大門旁,22.649755,120.316316,(07)3820492,
高雄市政府警察局三民第二分局民族派出所,64000050,民族一路208號,一樓值班台窗旁,22.647834,120.315102,(07)3822653,
太子世界大樓管理委員會,64000050,和順街91號,一樓大門右前方,22.654528,120.316099,(07)3826980,
財政部高雄國稅局三民分局第一辦公室,64000050,哈爾濱街215號7樓,放置於逃生門口左邊,22.64767,120.299817,(07)3829211,6742
財政部高雄國稅局三民分局第二辦公室,64000050,大順二路468號6樓,放置於綜所稅6號櫃檯前血壓機旁,22.649455,120.325065,(07)3829211,6827
高雄市立鼎金國中,64000050,鼎山街445號,忠孝樓一樓玄關,22.655599,120.320765,(07)3831029,
高雄市三民區鼎金國民小學,64000050,鼎山街375號,高雄市三民區鼎金國民小學穿堂,22.656116,120.321321,(07)3836330,0
高雄市三民區東光國小,64000050,黃興路206號,從黃興路大門進入校園後，右方即是警衛室，AED在警衛室外,22.648284,120.338973,(07)3839350,18
高雄市三民區正興國民小學,64000050,大豐二路20號,第一棟校舍穿堂東側布告欄邊,22.645803,120.32692,(07)3845206,
高都汽車股份有限公司(北高雄),64000050,民族一路558號,放置於顧客休息室沙發區牆邊,22.657616,120.315962,(07)3850161,
健身工廠九如廠,64000050,慶雲街1號,2F教練部，入口第一根柱子,22.640574,120.314821,(07)3851818,
高雄市三民區民族國小,64000050,平等路197號,靠近健康中心入口處附近，距離操場不遠處。,22.640947,120.319519,(07)3860526,2
高雄市三民區光武國民小學,64000050,光武路35號,高雄市三民區光武國民小學一樓學生活動空間,22.638965,120.334913,(07)3867458,27
高雄市政府環境保護局中區資源回收廠,64000050,鼎金一巷15號,公營焚化廠主體廠房2樓中控室,22.66585,120.33126,(07)3909400,345
高雄市政府環境保護局中區資源回收廠,64000050,鼎金一巷15號,行政大樓1樓,22.66585,120.33126,(07)3909400,800
家福股份有限公司澄清分公司,64000050,澄清路635號,1F服務台旁邊,22.644035,120.346034,(07)39438589,
家樂福鼎山店,64000050,大順二路849號,設置在一樓商店街異人館前方,22.65323,120.318975,(07)3945588,
家樂福鼎山店,64000050,大順二路849號,結帳區8號機外柱子上,22.653121,120.318937,(07)3945588,850
慈濟高雄靜思堂,64000050,高雄市三民區河堤南路50號,進入大門後右轉即可於迴廊上見到AED,22.653618,120.31081,(07)3987916,
慈濟高雄靜思堂,64000050,河堤南路50號,大門入口右側法華坡道上至三樓講經堂,22.65393,120.310569,(07)3987916,
高雄市立鹽埕國民中學,64000010,新樂街46號,"校園正門直走
進學樓一樓靠近學務處外面",22.619795,120.280488,(07)5211283,
高雄市立鼓山高級中學,64000020,明德路2號,健康中心外,22.651951,120.274416,(07)5213258,
駁二藝術特區,64000010,大勇路1號,駁二藝術特區C5倉庫內服務台旁,22.619976,120.281658,(07)5214899,
交通部臺灣鐵路管理局高雄運務段美術館站,64000020,翠華路246號,售票口旁,22.652116,120.281496,(07)5215147,
交通部臺灣鐵路管理局高雄運務段鼓山站,64000020,鐵路街20巷6號,售票口旁,22.641833,120.280665,(07)5217014,
高雄市鼓山區鼓山國小,64000020,臨海二路50號,臨海二路右轉壽山街臨時警衛室,22.623488,120.271346,(07)5217795,180
內政部營建署壽山國家自然公園籌備處,64000020,萬壽路301號,壽山國家自然公園保育研究中心1樓,22.625964,120.272894,(07)5221010,
內政部營建署壽山國家自然公園籌備處,64000020,萬壽路301號,壽山國家自然公園籌備處行政中心1樓,22.625964,120.272892,(07)5221010,
國立中山大學,64000020,蓮海路70號,行政大樓位於校門口入口處約50公尺的大樓，AED放在1樓值班室櫃臺 前方的樓梯口旁,22.6257,120.265834,(07)5252000,
國立中山大學,64000020,蓮海路70號,此台AED位在文學院警衛室裡面，此地方也是學生等待校內公車的地點,22.628886,120.264062,(07)5252000,5981
國立中山大學,64000020,蓮海路70號,圖書館3樓右側,22.627237,120.265802,(07)5252000,2420
國立中山大學,64000020,蓮海路70號,體育館一樓大廳櫃臺旁,22.624731,120.266119,(07)5252000,2831
國立中山大學,64000020,蓮海路70號,武領宿舍服務中心門口旁,22.62886,120.264007,(07)5252000,5938
國立中山大學,64000020,蓮海路70號,翠亨宿舍服務中心內,22.628128,120.267913,(07)5252000,7200
國立中山大學,64000020,蓮海路70號,海洋科學院大樓1樓前庭走廊，在海科福利社門口 附近,22.62744,120.264201,(07)5252088,
財政部高雄市國稅局鼓山稽徵所,64000020,鼓山二路166號6樓,5樓公共區域,22.636793,120.281013,(07)525258,6612
高雄市漢王洲際飯店,64000010,七賢三路98號,飯店內1樓大廳開放式空間,22.622441,120.283001,(07)5313131,
欣高石油氣股份有限公司,64000010,大義街56號,前門出入口處旁,22.620568,120.285867,(07)5315701,
高雄市鼓山區衛生所,64000020,登山街16號,衛生所1樓大廳左側牆角,22.623534,120.274055,(07)5315753,
南部地區巡防局第五海岸巡防總隊鼓山服務區,64000020,鼓山一路107號,鼓山服務區入口處進去右側樓梯旁,22.627216,120.27854,(07)5319958,
高雄市立圖書館,64000090,新光路61號,B1F繪本中心服務台,22.611553,120.302449,(07)5360238,
高雄市立圖書館,64000090,新光路61號,3F進入圖書區入口處,22.611553,120.302449,(07)5360238,
高雄市立圖書館,64000090,新光路61號,4F服務櫃台旁,22.611553,120.302449,(07)5360238,
高雄市苓雅區衛生所,64000080,民權一路85號3樓,苓雅行政中心一樓,22.621759,120.312194,(07)5360559,
MLD台鋁(美食街),64000090,忠勤路8號,美食街(1F)手扶梯前,22.604338,120.303678,(07)5365388,
MLD台鋁(菜市場Fresh),64000090,忠勤路8號,1F門口過磅區服務台,22.604338,120.303678,(07)5365388,
MLD台鋁(晶綺盛宴),64000090,忠勤路8號,訂席中心門口右側,22.604338,120.303678,(07)5365388,
高雄市民權國小,64000090,沱江街200號,大門進來一樓玄關,22.608458,120.314381,(07)5367177,
家福股份有限公司成功分公司,64000090,中華五路1111號,3樓收銀線6號結帳機台外側柱子上(顧客休息區旁),22.604785,120.304056,(07)5369828,9
高雄百立皇冠大廈管理委員會,64000080,青年一路29號,大廈服務台右側交誼廳旁,22.623845,120.314562,(07)5376579,
宜家家居股份有限公司,64000090,中華五路1201號,1樓入口大廳柱子旁,22.606068,120.304383,(07)5377688,6108
福容大飯店股份有限公司高雄分公司,64000010,五福四路45號,飯店大廳櫃檯後方,22.621363,120.287711,(07)5511188,
旗鼓一號輪,64000020,濱海一路76號,旗鼓一號二樓客艙出入口,22.619776,120.269936,(07)5514316,
快樂輪,64000020,濱海一路76號,高雄市輪船公司快樂號二樓客艙救生衣櫃上方,22.619785,120.269943,(07)5514316,
旗鼓輪,64000020,濱海一路76號,二樓客艙出入口,22.619781,120.269942,(07)5514316,
高雄市輪船公司旗福一號,64000020,濱海二路1號,位於船舶駕駛室右側,22.62197,120.270275,(07)5514316,
幸福輪,64000020,濱海一路76號,高雄市輪船公司幸福輪二樓客艙救生衣櫃上方,22.619779,120.269949,(07)5514316,
健康輪,64000020,濱海一路76號,高雄市輪船公司健康號二樓客艙救生衣櫃上方,22.619776,120.269939,(07)5514316,
高雄市輪船公司平安輪,64000090,臨水南路2號(前鎮輪渡站),高雄市輪船公司平安輪二樓客艙出入口,22.587116,120.306268,(07)5514316,
高雄市輪船公司光榮輪,64000090,新光碼頭,高雄市輪船公司光榮輪客艙出入口,22.609433,120.296655,(07)5514316,
高雄市輪船公司真愛輪,64000090,新光碼頭,高雄市輪船公司真愛輪客艙出入口,22.60937,120.296653,(07)5514316,
鼓山輪渡站,64000020,濱海二路1號,乘客候船室出口右側,22.61965,120.270056,(07)5514316,
旗津輪渡站,64000100,海岸路10號,行人收費入口處左側,22.613867,120.268603,(07)5514316,
旗鼓二號輪,64000020,濱海一路76號,二樓客艙出入口,22.619779,120.269947,(07)5514656,
高雄市輪船公司旗福二號,64000020,濱海二路1號,船舶駕駛室內右側櫃子上,22.62197,120.270275,(07)5514656,
高雄市輪船公司高雄輪,64000090,新光碼頭,高雄市輪船公司高雄輪1樓客艙出入口,22.60894,120.296449,(07)5514656,
華王大飯店,64000010,五福四路42號,置於客用電梯斜對面,22.621673,120.287801,(07)5518211,7
高雄市立壽山國民中學,64000020,鼓山二路37巷108號,第一棟大樓穿堂,22.633012,120.278437,(07)5519150,
天主教明誠學校財團法人高雄市明誠高級中學,64000020,中華一路97號,"天主教明誠高級中學 國璽樓一樓
中庭左側牆邊",22.666326,120.292028,(07)5521593,
統一健身俱樂部-高雄巨蛋館,64000030,博愛二路757號1~4樓,室水溫水游泳池,22.668858,120.301301,(07)5523148,
統一健身俱樂部-高雄巨蛋館,64000030,博愛二路757號1~4樓,健身房,22.668709,120.301264,(07)5523148,
臺灣高等法院高雄分院,64000020,明誠三路586號,五樓東側電梯旁安全門邊,22.66137,120.299085,(07)5523621,153
臺灣高等法院高雄分院,64000020,明誠三路586號,本院法警室(二)為法警辦公及值日處所，全天均有值班人員,22.66137,120.299085,(07)5523621,153
臺灣高等法院高雄分院,64000020,明誠三路586號,三樓東側電梯旁安全門邊,22.66137,120.299085,(07)5523621,153
裕昌汽車股份有限公司博愛分公司,64000020,博愛二路361號,展示區飲水機旁,22.664157,120.303021,(07)5525432,
高雄市立三民高級家事商業職業學校,64000030,裕誠路1102號,進校門口玄關右側,22.666309,120.301484,(07)5536830,
水京棧國際酒店(股)公司,64000020,明華路366號,一樓 服務中心櫃檯旁,22.656975,120.311721,(07)5539907,3116
高雄市立美術館,64000020,美術館路80號,高美館雕塑大廳入口處右側,22.656697,120.286551,(07)5550331,235
高雄市立兒童美術館,64000020,馬卡道路330號,兒美館入口處服務台旁,22.657671,120.28303,(07)5550331,311
高雄市鼓山區龍華國民小學,64000020,大順一路858號,於正門進入後直視可見到辦公室，AED置於大辦公室門旁,22.655298,120.298618,(07)5553086,"31,32"
中國人壽,64000020,明誠四路156號,管理中心服務櫃檯,22.66164,120.289293,(07)5555049,
漢來美食股份有限公司-巨蛋分公司,64000030,博愛二路767號,漢來美食巨蛋會館  9樓宴會廳,22.669195,120.302605,(07)5559118,8003
高雄市立七賢國民中學,64000020,美術東三路110號,學務處外公佈欄,22.657655,120.289404,(07)5559329,
崇神開發實業股份有限公司高雄分公司,64000030,博愛二路777號,1F諮詢台旁,22.669056,120.302685,(07)5559688,3166
新上國民小學,64000030,大順一路100號,AED放置於新上國小電梯旁,22.656461,120.310963,(07)5565940,
FUNS放肆運動,64000030,富民路452號,大門入口右前方(洽櫃台人員),22.667195,120.305643,(07)5566767,
香港商世界健身事業有限公司高雄博愛分公司,64000030,博愛二路320號一樓,大門客服櫃檯前,22.663764,120.303662,(07)5568822,
SuperFIT極度塑身 私人教練會館(高雄左營博愛館),64000030,博愛三路312號,一樓櫃台前方,22.675997,120.305985,(07)5569267,
高雄市私立大榮高級中學,64000020,大榮街1號,大門進入約30公尺，合成大樓1樓走廊,22.653052,120.280265,(07)5613281,
高雄翰品酒店,64000010,大仁路43號,一樓大廳大門口旁,22.624814,120.285633,(07)5614688,
臺灣港務股份有限公司第三辦公廳,64000020,麗興里蓬萊路10號,臺灣港務公司總公司員工第三辦公場所,22.616883,120.283841,(07)5622127,
高雄港務分公司棧埠處辦公室,64000020,蓬萊路10號,高雄港務分公司棧埠事業處辦公室1F大廳,22.616883,120.283841,(07)5622211,
高雄港台華輪旅客通關候船室,64000020,鼓山一路2號,高雄港台華輪旅客通關候船室,22.619446,120.27431,(07)5622252,91
高雄港務分公司西子灣洞口前辦公室第一辦公大樓,64000020,臨海二路62號,高雄港務分公司第一辦公大樓1F,22.624388,120.269849,(07)5622487,
高雄港務分公司棧埠處121碼頭3F辦公室,64000100,旗津一路67號,121碼頭辦公室,22.56744,120.300776,(07)5622908,
旗津海水浴場,64000100,永安里廟前路1號,辦公室外騎樓,22.611495,120.266047,(07)5710811,
高雄市中洲國小,64000100,805高雄市旗津區旗津二路275號,學校中庭,22.614177,120.265939,(07)5712225,
國立高雄科技大學(旗津校區),64000100,中洲三路482號,國立高雄科技大學(旗津校區)游泳池女生淋浴間外走道右側,22.608746,120.272169,(07)5714279,
旗津老人活動中心,64000100,旗津3路900巷33號,位在小巷弄內，離斗六冰城很近,22.606252,120.272908,(07)5720005,
再見捌捌陸-臺灣眷村文化園區,64000030,明德新村10號,園區售票口內,22.692802,120.289054,(07)5812886,
海軍軍官學校,64000030,台灣高雄市左營區軍校路669號,配合軍區緊急救護使用，平時不對外開放,22.70575,120.290551,(07)5813141,
海軍軍官學校,64000030,軍校路669號,醫務所,22.70577,120.290551,(07)5813141,
高雄市左營區衛生所,64000030,進學路4號,衛生所一樓服務台後方,22.687736,120.291652,(07)5817191,
高雄市左營區左營國民小學,64000030,實踐路42號,"進入校門直走
玄關左側
公共電話旁",22.690802,120.293247,(07)5820042,
市立左營高級中學,64000030,海功路55號,校門口左方傳達室內左方牆上,22.693416,120.296159,(07)5822010,305
高雄市左營區永清國民小學,64000030,左營大路2-2號,辦公室前走廊外牆上,22.674689,120.28686,(07)5822830,
高雄市鼓山區中山國民小學,64000020,雄峰路18號,雄峰路第一棟忠孝樓1樓川堂左側,22.669095,120.28504,(07)5827585,
高雄國家體育場(世運主場館),64000030,左營大道100號,A車道車輛出入口(地下2樓),22.702475,120.294717,(07)5829000,6500
崇實自助里活動中心,64000030,先鋒路293號,崇實自助里活動中心一樓玄關，里長辦公室旁,22.678438,120.282416,(07)5831111,38
左營老人活動中心,64000030,蓮潭路30號,左營老人活動中心一樓，行政辦公室側門外，一樓連接二樓之無障礙坡道旁,22.68195,120.292127,(07)5831111,58
高雄市左營區屏山國民小學,64000030,海功東路2號,屏山國小1樓天鵝穿堂,22.687736,120.291652,(07)5834501,121
環球購物中心-新左營車站(冠友生活股份有限公司),64000030,站前北路1號,環球購物中心 3F服務台右側柱面處,22.687716,120.307409,(07)5859999,1111
Curves可爾姿高雄瑞豐店,64000020,文忠路86號2樓,入口進來後右轉再右轉,22.665295,120.297841,(07)5867855,
高雄市政府觀光局蓮池潭管理站,64000030,翠華路1915號,蓮池潭管理站辦公室大門進去牆面中央,22.68737,120.301476,(07)5883242,
交通部臺灣鐵路管理局高雄運務段內惟站,64000030,翠華路500號地下１層,內惟站地下1層大廳剪票口旁,22.666135,120.287161,(07)5886119,
交通部臺灣鐵路管理局高雄運務段左營(舊城)站,64000030,翠華路1050號地下1層,車站大廳剪票口旁,22.675323,120.295229,(07)5887835,
家福股份有限公司楠梓分公司,64000040,藍田路288號,1F商店街入口柱面,22.727637,120.290835,(07)5911899,
家福股份有限公司楠梓分公司,64000040,藍田路288號,收銀線一號機台柱面,22.727637,120.290835,(07)5911899,
國立高雄大學,64000040,高雄大學路700號,國立高雄大學工學院(工學院大門口左側土銀提款機旁),22.732375,120.276439,(07)5919063,
國立高雄大學,64000040,高雄大學路700號,國立高雄大學學一宿舍OB棟西側門進入左側第一間寢室門口(OB113室門口),22.73553,120.278194,(07)5919063,
國立高雄大學,64000040,高雄大學路700號,國立高雄大學運動健康與休閒大樓(大門口),22.734315,120.277872,(07)5919380,
國立高雄科技大學(第一校區),64000210,大學路1號,學生活動中心1F(靠近資源教室入口處),22.754689,120.335108,(07)6011000,31252
國立高雄科技大學(第一校區),64000210,大學路1號,行政大樓1F,22.760713,120.336382,(07)6011000,31252
國立高雄科技大學(第一校區),64000210,大學路1號,樂群樓(女生宿舍)1F走道,22.752082,120.32969,(07)6011000,31273
國立高雄科技大學(第一校區),64000210,大學路1號,敬業樓A棟管理員室前,22.755861,120.332007,(07)6011000,31276
國立高雄科技大學(第一校區),64000210,大學路1號,西校區游泳池1F服務櫃檯旁,22.754432,120.33123,(07)6011000,38161
交通部臺灣鐵路管理局高雄運務段路竹站,64000240,中正路288號,候車室大廳自動售票機旁,22.854011,120.266202,(07)6072723,
高雄市路竹區蔡文國民小學,64000240,國昌路548號,設置於蔡文國小警衛室外牆,22.861797,120.257318,(07)607626,
高苑科技大學,64000240,中山路1821號,生化大樓一樓電梯旁,22.842329,120.266921,(07)6077777,
高苑科技大學,64000240,中山路1821號,機電大樓二樓軍訓室,22.841657,120.267409,(07)6077807,
高苑科技大學,64000240,中山路1821號,體育館,22.839176,120.267962,(07)6077807,
高苑科技大學,64000240,中山路1821號,第三學生宿舍二樓舍監辦公室前庭,22.840896,120.268176,(07)6077807,
高苑科技大學,64000240,中山路1821號,行政大樓一樓,22.84058,120.266465,(07)6077807,
臺灣橋頭地方法院,64000200,經武路911號,位於臺灣橋頭地方法院1樓聯合服務中心入門後右側牆面上,22.738454,120.304909,(07)6110030,
臺灣橋頭地方法院,64000200,經武路911號,位於臺灣橋頭地方法院2樓羈押室管理員值班台右後方牆面,22.738454,120.304909,(07)6110030,
臺灣橋頭地方法院,64000200,經武路911號,位於臺灣橋頭地方法院3樓法庭區民眾專用電梯出口對面牆上,22.738454,120.304909,(07)6110030,
高雄市橋頭區公所,64000200,隆豐路1號,區公所1樓大門入口右側,22.757593,120.305808,(07)6110246,
高雄市私立高苑工商職業學校,64000200,東林里芋林路1號,位於本校入大門左邊大樓1樓後半段的教官室,22.76542,120.282103,(07)6111101,186
高雄市橋頭區衛生所,64000200,隆豐路5號,(衛生所入口)掛號室前,22.757178,120.305253,(07)6112203,
台灣糖業股份有限公司高雄區處,64000200,糖廠路24號,位於糖業博物館出入口，遊客進出明顯易見,22.755703,120.314294,(07)6113221,
高雄市立橋頭國民中學,64000200,新興路70號,南棟行政大樓1樓穿堂,22.727732,120.344004,(07)6113559,
交通部台灣鐵路管理局高雄運務段橋頭火車站,64000200,站前街14號,行車室門口旁邊,22.761044,120.310204,(07)6115424,
台灣糖業股份有限公司高雄區處,64000200,糖廠路24號,雙人型機車庫與農機具展示場旁的醫護室,22.756038,120.313894,(07)6119299,214
台灣糖業股份有限公司高雄區處花卉農園中心,64000200,創新路93號,台糖高雄花卉農園中心大門進去左前側之遊客服務中心內,22.741218,120.324905,(07)6128473,
高雄市殯葬管理處第二殯儀館橋頭分館,64000200,白樹里甲樹路170號,行政中心,22.758366,120.297282,(07)6128891,
義守大學,64000210,角宿里義大路8號,義守大學醫學院區教學大樓B棟1樓門口進入後左側柱子。,22.763286,120.362397,(07)6151100,3224
義守大學,64000210,角宿里義大路8號,義守大學醫學院區宿舍管站面對大廳櫃台左側,22.763118,120.362901,(07)6151100,3224
法務部矯正署高雄戒治所,64000210,正德新村5號,行政大樓1樓總務科外走廊,22.78237,120.378138,(07)6151102,
法務部矯正署高雄戒治所,64000210,正德新村5號,接見室等候區前方處,22.78237,120.378138,(07)6154131,
濟興長青園老人長期照顧中心,64000210,橫山路72號,"濟興長青園老人長期照顧中心2樓交誼大廳,從1樓搭乘電梯上樓後,就可以清楚看到AED擺放位置.",22.766815,120.376769,(07)6155548,
樹德科技大學,64000210,橫山路59號,體適能中心大門入口,22.762653,120.376623,(07)6158000,2213
樹德科技大學,64000210,橫山路59號,北校區籃球場旁,22.763574,120.3712,(07)6158000,2213
樹德科技大學,64000210,橫山路59號,行政大禮堂入口,22.761896,120.375309,(07)6158000,2213
樹德科技大學,64000210,橫山路59號,大廳正入口處,22.759675,120.375711,(07)6158024,
樹德科技大學,64000210,橫山路59號,健康促進中心閱覽區牆壁上,22.761001,120.376875,(07)6158024,
樹德科技大學,64000210,橫山路59號,女生宿舍一樓大廳,22.762084,120.376575,(07)6158024,
樹德科技大學,64000210,橫山路59號,一樓入口處,22.764241,120.376838,(07)6158024,
樹德科技大學,64000210,橫山路59號,一樓大廳,22.762104,120.3751,(07)6158024,
高雄市燕巢區衛生所,64000210,南燕里中興路2號,一樓候診室，飲水機旁,22.787886,120.362604,(07)6161148,
高雄市立燕巢國中,64000210,中興路267號,健康中心門旁,22.786332,120.362493,(07)6161267,28
高雄市燕巢國小,64000210,高雄市燕巢區東燕里中華路177號,燕巢國小中央川堂右側,22.795596,120.365897,(07)6161495,130
經濟部水利署南區水資源局阿公店水庫管理中心,64000210,工程路1號,經濟部水利署南區水資源局燕巢辦公區大門警衛室內右方,22.800246,120.360519,(07)6165641,3128
高雄市立梓官國民中學,64000290,中學路71號,一棟總務處前、二棟健康中心前,22.763249,120.264034,(07)6172854,
高雄市彌陀區衛生所,64000280,中華路一巷五弄一號,彌陀衛生所大門進入右手邊,22.790727,120.289108,(07)6175307,
高雄市彌陀區彌陀國民小學,64000280,中正路213號,活動中心門口,22.783392,120.248313,(07)6176300,
高雄市梓官區梓官國小,64000290,進學路61號,校門口進來第一棟右邊走廊,22.74861,120.257042,(07)6176595,
高雄市梓官區衛生所,64000290,公館路45號,"高雄市梓官區衛生所1樓大門入口處右邊,藥局旁",22.74861,120.257042,(07)6177331,
高雄市立彌陀國中,64000280,進學路136號,"大門進入彌陀國中後,右手邊健康中心室內牆面上.",22.773069,120.245974,(07)6178424,28
高雄市岡山區衛生所,64000190,公園路50號,服務台後方,22.79612,120.29101,(07)6212015,
高雄市政府警察局岡山分局壽天派所,64000190,大仁北路5號,放置於派出所大門口,22.802662,120.301756,(07)6212025,
國立岡山高級中學,64000190,壽天里公園路52號,校門口傳達室,22.797508,120.290446,(07)62120333,21
國立岡山高級中學,64000190,壽天里公園路52號,"體育館大門入口處
傳達室",22.796543,120.289698,(07)62120333,21
北高雄家扶中心岡山區,64000190,竹圍東街182巷12號,一樓大門口旁,22.798815,120.30369,(07)6213993,218
國立岡山農工職業學校,64000190,岡山路533號,行政大樓1樓穿堂左側,22.801454,120.288373,(07)6217129,
國立岡山農工職業學校,64000190,岡山路533號,教官室內校安中心,22.802797,120.290168,(07)6217129,282
國立岡山農工職業學校,64000190,岡山路533號,司令台後方處,22.801454,120.288373,(07)6217131,
裕昌汽車股份有限公司岡山分公司,64000190,岡山北路2-1號,新車展示區右側,22.806022,120.287676,(07)6217166,
萬通人力住宿服務中心岡山館,64000190,本洲三街22巷17號,宿舍辦公室外走廊，近公佈欄及入口處。,22.812923,120.260256,(07)6218913,
高雄市立嘉興國民中學,64000190,嘉興里信中街486號,由校門進入後第一棟一樓玄關右側,22.816425,120.311845,(07)6221039,21
台灣善美的股份有限公司岡山廠,64000190,本洲里本工東一路6號,3樓辦公室外通道,22.807754,120.274036,(07)6227863,
健身工廠岡山廠,64000190,岡山路434號3樓,從入口進入後，位於左面，置於會員服務部外，於教練部櫃檯前方。,22.796275,120.295785,(07)6229000,
全聯岡山物流園區-弘達流通股份有限公司,64000190,本工東一路6號,A棟1樓大門入口處,22.80768,120.273998,(07)6235657,7731
高雄市壽天國民小學,64000190,公園東路55號,壽天國小穿堂的牆面上,22.799304,120.29224,(07)6246040,831或832
香港商世界健身事業有限公司岡山分公司,64000190,民有路68號5樓,業務辦公室門口旁,22.79214,120.296398,(07)6249000,
臺灣橋頭地方法院岡山簡易庭,64000190,岡山南路57號,岡山簡易庭進入後，左前方電梯口旁。,22.782713,120.296437,(07)6250875,
高雄市桃源區衛生所,64000370,桃源里188-1號,衛生所1樓門診等候區與急診區中間位置,23.226519,120.850639,(07)6261126,
南部地區巡防局訓練大隊,64000190,劉厝里1鄰岡山南路3巷1號,行政大樓一樓中廊西側牆面之公佈欄左側,22.775536,120.297976,(07)6261439,76
和春護理之家日間照顧中心,64000190,中山南路268號,日間照顧中心,22.782552,120.299762,(07)6265580,
空軍航空技術學院,64000190,介壽西路198號,配合軍區緊急救護使用，平時不對外開放,22.785731,120.278255,(07)6266093,
群創光電股份有限公司F廠,64000240,科十路11號,一樓收發室櫃台旁,22.838624,120.24989,(07)6278888,"8,121,881,219"
崗山之眼園區,64000190,崗山之眼,崗山之眼售票亭,22.814039,120.337275,(07)6282100,
高雄市阿蓮區衛生所,64000230,高雄市阿蓮區民生路94-1號,1樓入口處,22.882845,120.327465,(07)6317141,
高雄市田寮區衛生所,64000220,南安里崗北路32號,高雄市田寮區衛生所1樓門診候診區,22.873014,120.36014,(07)6361504,
花季渡假飯店,64000220,崗北路111號,住宿大廳一樓櫃台旁,22.874985,120.357657,(07)6381007,4711
花季渡假飯店,64000220,崗北路111號,泡湯區一樓大廳電梯旁,22.874985,120.357657,(07)6381007,4711
高雄市田寮區新興國小,64000220,新興里大新路2號,操場旁健康中心前,22.834852,120.370438,(07)6381348,
高雄市立林園高級中學,64000130,林園北路481號,林園高中和平樓1樓健康中心內,22.513697,120.394551,(07)6412059,
高雄市林園區港埔國小,64000130,頂厝里校前路1號,一樓穿堂,22.504198,120.378827,(07)6412282,
高雄市林園區中芸國小,64000130,中芸里中芸路1號,校門口進入左側直走進行政大樓一樓穿堂,22.487073,120.396673,(07)6412342,15
高雄市林園區衛生所,64000130,林園北路186號,1樓大門口右旁,22.507599,120.394917,(07)6412404,
李長榮化學工業股份有限公司林園廠,64000130,石化三路11號,大門口進入二道門(柵門)警衛室旁休息區,22.487819,120.408475,(07)6419966,
高雄市林園區王公國小,64000130,王公二路100號,德樓一樓健康中心旁邊,22.505714,120.388682,(07)6420503,
中芸國民中學,64000130,中芸路3-100號,一樓穿堂,22.486111,120.395372,(07)6425223,30
上益營造大泉伏流水工務所,64000150,高屏溪高雄市大樹區大庄段R169-0000地號,高屏溪高屏堰管理中心附近工務所水防道路旁河川公地,22.690962,120.438543,(07)6510080,
交通部台灣鐵路管理局高雄運務段九曲堂站,64000150,久堂路鐵路巷15號,九曲堂站候車室,22.656448,120.420951,(07)6512020,
高雄市大樹區衛生所,64000150,檨腳里中興北路120號,高雄市大樹區衛生所1樓門診大廳,22.693476,120.432831,(07)6512935,
高雄市大樹區大樹國小,64000150,中正一路249號,穿堂牆壁上,22.687797,120.43461,(07)6513752,
佛光山普門高中,64000150,大坑路140-11號,教學區國中部一樓行政辦公室走廊,22.716706,120.446457,(07)6562676,
信誼育樂事業股份有限公司,64000150,統嶺里信誼路1號(信誼高爾夫球場),會館大廳左側，ATM提款機旁,22.765747,120.419123,(07)6565280,
大安金企業股份有限公司(麒麟寶塔 金龍寶塔),64000150,三和里三和路131之18號,金龍廳左轉,22.72906,120.421811,(07)6566468,
義大遊樂世界,64000150,三和村11鄰學城路一段10號,義大遊樂世界B區1樓糖果屋內的甜蜜滿屋旁,22.708371,120.42424,(07)6568080,2424
義大世界購物廣場,64000150,三和里學城路一段12號,A區LB服務台旁架設AED，服務台右側靠牆處,22.730388,120.402402,(07)6568100,3220
義大世界購物廣場,64000150,學城路一段65號,義大時尚街-JUCY JUDY櫃位內,22.729529,120.403414,(07)6568100,3220
義大世界購物廣場,64000150,三和里學城路一段12號,南極星滑冰場旁，救護站前,23.010871,120.666004,(07)6568100,3713
義大遊樂世界,64000150,學城路一段10號,C區特路依城堡2樓救護站或遊客服務中心旁,22.729667,120.406958,(07)6568100,3713
義大世界購物廣場,64000150,三和里學城路一段12號,B區B1樓康是美前的手扶梯旁架設AED,23.011186,120.665481,(07)6568100,3713
義大遊樂世界,64000150,學城路一段10號,A區大衛城1樓旁有4D身歷奇境遊具,22.730219,120.407184,(07)6568100,3713
天悅大酒店股份有限公司,64000150,大樹區義大八街100號,B1醫護室,22.730514,120.401482,(07)6568282,10
高雄市私立義大國際高級中學,64000150,學城路一段六號,大門進入後直走，在健康中心前方的迴廊(左側靠牆),22.728428,120.4055,(07)6577115,
義守大學,64000150,學城路一段1號,義守大學校本部行政大樓3樓穿堂(土銀提款機前面),22.724603,120.407131,(07)6577711,2243
義守大學,64000150,學城路一段1號,義守大學校本部男一宿宿舍管理站入口處右側牆壁上,22.724252,120.405012,(07)6577711,2243
高雄市內門區溝坪國民小學,64000350,溝坪里廣福47號,前棟建築物1樓辦公室走廊,22.993387,120.501236,(07)6601788,
高雄市旗山區衛生所,64000300,中正路197號,高雄市旗山區衛生所門診右側,22.890347,120.482024,(07)6612054,
台灣糖業股份有限公司高雄區處旗山糖廠,64000300,忠孝街33號,位於旗山糖廠冰店(販賣部)出口明顯易見處,22.881622,120.491685,(07)6613265,
裕昌汽車股份有限公司旗山分公司,64000300,旗南一路375-23號,展示區,22.864988,120.471179,(07)6613758,
衛生福利部旗山醫院,64000300,大德里中學路60號,旗山醫院地下一樓復健科櫃檯旁,22.880796,120.483264,(07)6613811,1013
臺灣橋頭地方法院旗山簡易庭,64000300,民生二街33號,"旗山簡易庭進入左側
法警室門旁",22.894199,120.48226,(07)6622045,
高雄市政府警察局旗山分局,64000300,華中街1號,值班台右前方,22.887941,120.483127,(07)6622065,
北高雄家扶中心旗山服務處,64000300,中正路675號,電梯口旁,22.897718,120.481358,(07)6625104,
高雄市立旗山國民中學,64000300,中學路42號,育英樓中央穿堂,22.870249,120.470326,(07)6625450,
旗山生活文化園區(舊鼓山國小),64000300,文中路7號,旅遊資訊中心內部左側靠牆處,22.890322,120.480352,(07)6628868,
高雄市立大洲國民中學,64000300,新南巷5號,安全放置，明顯位置,22.835784,120.460483,(07)6661378,
高都汽車股份有限公司(旗山營業所),64000300,旗南二路88號,放置於出納櫃?前方,22.84955,120.466279,(07)6663006,AM08:30~PM5:30
高雄市內門區衛生所,64000350,觀亭里16鄰中埔頭20號,1樓門診   衛生教育櫃旁牆壁,22.954704,120.471728,(07)6671088,
高雄市內門區內門國民小學,64000350,內豐里內埔24號,"傳藝樓穿堂
四年仁班和中央走廊的牆壁",22.940734,120.457269,(07)6672078,
實踐大學高雄校區,64000350,大學路200號,F棟2F,22.904382,120.468021,(07)6678888,
實踐大學高雄校區,64000350,大學路200號,K棟餐廳,22.951754,120.468467,(07)6678888,
實踐大學高雄校區,64000350,大學路200號,穿堂右側彰銀提款機前,22.951754,120.468467,(07)6678888,3300
實踐大學高雄校區,64000300,華山路9號,第六宿舍(管理室旁),22.926447,120.502876,(07)6691321,
高雄市甲仙區小林國民小學,64000330,小林里五里路24之2號,由門口入2F川堂右邊,23.14844,120.632522,(07)6761065,400
高雄市杉林區上平國民小學,64000340,山仙路212號,行政樓與教學樓轉角,22.977007,120.544072,(07)6771102,
高雄市杉林區杉林國中,64000340,月眉里清水路中學巷6號,杉林國中穿堂牆壁,22.968728,120.54076,(07)6771108,
高雄市杉林區衛生所,64000340,上平里山仙路93巷2號,本所入大門右邊,22.976809,120.538673,(07)6771319,
高雄市杉林區新庄國小,64000340,新庄里司馬路45巷5號,新庄國小辦公室外走廊牆壁,22.989444,120.559982,(07)6771755,
高雄市茂林區衛生所,64000360,茂林里8-4號,"高雄市茂林區茂林里8-4號
衛生所內",22.886546,120.671755,(07)6801046,
高雄市立茂林國民中學,64000360,茂林里4-5號,視聽教室外走廊,22.884945,120.663938,(07)6801153,
高雄市美濃區衛生所,64000310,合和里美中路246號,位在衛生所候診室,22.894942,120.541471,(07)6812064,
高雄市私立旗美高級商工職業學校,64000310,中興路二段275號,學務處,22.884906,120.519513,(07)6812152,
高雄市立美濃國民中學,64000310,合和里中正路一段191號,健康中心與總務處之間,22.893651,120.543709,(07)6816166,21
美濃客家文物館,64000310,民族路49-3號,美濃客家文物館特展室前,22.911084,120.557458,(07)6818338,
高雄農場,64000310,吉洋里外六寮500號,服務中心進門左邊,22.833101,120.53052,(07)6831115,
高雄市美濃區吉東國小,64000310,吉東里吉頂19號,校舍1樓圖書館旁穿堂,22.853438,120.546412,(07)6831144,
高雄市立龍肚國民中學,64000310,中華路68號,龍肚國中穿堂右側,22.877733,120.571037,(07)6851314,22
玉山國家公園管理處梅山遊客中心,64000370,梅山里梅山巷44-5號,進入遊客中心大門右手邊,23.273291,120.825565,(07)6866181,
高雄市六龜區新威國民小學,64000320,新威212號,新威國小辦公室外走廊,22.898332,120.627109,(07)6871134,
交通部觀光局茂林國家風景區管理處新威遊客中心,64000320,新威里新威171號,AED設置於新威遊客中心內展示廳,22.890863,120.623247,(07)6871234,
財團法人一貫道天皇基金會一貫道天皇學院,64000320,新寮里三民路81號,財團法人一貫道天皇基金會一貫道天皇學院,22.888444,120.616589,(07)6872129,
交通部觀光局茂林國家風景區管理處-茂林遊客中心,64000360,1鄰16號,AED設置於茂林遊客中心服務台前,22.909557,120.651627,(07)6881001,
高雄市桃源區興中國民小學,64000370,高中里興中巷44巷,"學校大門口進來,穿過玄關,向左轉(走廊)第一間教室就是視聽教室",23.126824,120.714476,(07)6881850,23
國蘭花園Villa會館,64000320,寶來里寶來二巷36-30號,1樓服務台左側,23.112444,120.698419,(07)6882231,
轉角26溫泉會館,64000320,寶來里寶來二巷18之26號,櫃檯前方入口,23.107345,120.701219,(07)6882679,
高雄市立六龜高級中學,64000320,義寶里光復路212號,行政大樓中央樓梯口,22.993459,120.635497,(07)6891023,
高雄市六龜區衛生所,64000320,民治路16號,六龜區衛生所候診室,22.998094,120.633307,(07)6892844,
藤枝國家森林遊樂區,64000370,寶山巷150號,藤枝森林遊樂區遊客中心往右靠窗處,23.071939,120.757108,(07)6893118,
交通部觀光局茂林國家風景區管理處-十八羅漢山服務區,64000320,復興巷66號,十八羅漢山服務區(省道台27甲線，位於新威到六龜公路的6個隧道中間),22.950095,120.641835,(07)6893999,
藤枝國家森林遊樂區,64000370,寶山巷寶山路150號,售票亭大門進入左側靠窗處,23.067734,120.754781,(07)6895123,
高雄市立茄萣國民中學,64000260,濱海路4段29號,學校大門進來行政大樓川堂就可以看到AED,22.907092,120.181096,(07)6900054,37
高雄市永安區永安國民小學,64000270,永華路49號,東棟大樓校長室前走廊,22.815918,120.224417,(07)6912011,
高雄市永安區衛生所,64000270,永安里永安路26號,門診藥局領藥處,22.817785,120.223924,(07)6912015,
高雄市華德工家,64000260,濱海路四段66號,學校健康中心的門旁,22.906786,120.182603,(07)69212122,305
台灣鐵路管理局高雄運務段大湖火車站,64000240,甲南里天祐路24號,大湖火車站候車大廳售票窗口旁,22.878192,120.253901,(07)6932127,
誼晟生物科技股份有限公司,64000250,中山路1段150號,接待外部人員使用,22.881078,120.251423,(07)6933656,211
東方學校財團法人東方設計學院,64000250,東方路110號,綜合教學大樓1樓學生事務處衛生保健組外走廊,22.880702,120.246077,(07)6939580,
東方學校財團法人東方設計學院,64000250,東方路110號,校內新世紀大樓三樓女生宿舍交誼廳(舍監室旁),22.88091,120.246501,(07)6939580,
高雄市路竹區下坑國民小學,64000240,太平路384號,大門玄關左側,22.869254,120.290489,(07)6951015,
晟田工業科技股份有限公司,64000240,北嶺二路11號,晟田工業科技股份有限公司大廳內右側,22.825813,120.272641,(07)6955331,7112
保安警察第二總隊第一大隊第二中隊高科分隊,64000240,路科五路25號,內政部警政署保安警察第二總隊第一大隊第二中隊高科分隊駐地執勤台旁,22.835929,120.256233,(07)6955523,
高雄市路竹區路竹國小,64000240,中山路712巷16號,在本校川堂轉角的大柱子上，空間寬敞，明顯易找。,22.856683,120.260184,(07)6962128,
高雄市路竹區大社國小,64000240,大社路243號,大門口直走，放置於健康中心前。,22.866332,120.265075,(07)6962254,
高雄市路竹區衛生所,64000240,國昌路86巷22號,衛生所內一樓樓梯旁,22.851125,120.253217,(07)6962449,
高雄市路竹區一甲國民小學,64000240,大智路43號,一甲國小健康心走廊,22.873704,120.270338,(07)6962454,
高雄市路竹區三埤國民小學,64000240,三爺里民權路七號,穿堂入口,22.83662,120.280129,(07)6962688,
高雄市立路竹高中,64000240,中華路292號,高雄市立路竹高中健康中心入口右側,22.855336,120.251815,(07)6963008,136
高雄市立一甲國民中學,64000240,甲南里一甲路111號,進校門正前方上階梯左側,22.867787,120.270975,(07)6977479,
高雄市立路竹幼兒園,64000240,復興路327巷99號,大門口進來右手邊，大禮堂門邊,22.849404,120.262811,(07)6979241,
樹人醫護管理專科學校,64000240,環球路452號,進校門後看見圓環後左手邊的成功坡向上走的女生宿舍外面 於F201 F202旁,22.882501,120.261884,(07)6979845,
樹人醫護管理專科學校,64000240,環球路452號,AH棟1樓穿堂,22.88413,120.262829,(07)6979845,
樹人醫護管理專科學校,64000240,環球路452號,C棟1樓  C104旁,22.883646,120.262542,(07)6979845,
樹人醫護管理專科學校,64000240,環球路452號,多功能活動中心1樓走廊,22.882243,120.261217,(07)6979845,
樹人醫護管理專科學校,64000240,環球路452號,G棟2樓，G202旁,22.88371,120.263591,(07)6979845,
高雄市路竹區竹滬國民小學,64000240,竹滬里成功路2號,入校門後直走中走廊左側牆壁,22.861735,120.229876,(07)6981516,
茄萣日間照顧中心,64000260,民福路180巷17弄40號,大廳左側,22.871109,120.198499,(07)6987502,
高雄市茄萣區衛生所,64000260,吉定里濱海路二段1號,衛生所1樓大門入口處右方,22.876966,120.196095,(07)6989275,
高雄市湖內區明宗國民小學,64000250,保生路103號,明宗國小玄關左側,22.9068,120.222514,(07)6991350,
湖內區海埔國小,64000250,忠孝街256號,前門入口處中走廊,22.895588,120.225234,(07)6992346,
高雄市湖內國民中學,64000250,高雄市湖內區中山路二段63號,湖內國中玄關,22.907887,120.227509,(07)6993008,10
高雄市湖內區衛生所,64000250,湖中路203號,本所大門左側消防栓旁,22.895418,120.222423,(07)6993009,
高都汽車湖內營業所,64000250,中山路2段60號,顧客休息室旁,22.903561,120.231121,(07)6995151,
財團法人高雄市私立紅十字會育幼中心慈暉園,64000120,鳳山區瑞光街81號,一樓大廳  大門穿堂  位於建築物中心位置,22.611359,120.349316,(07)7019476,
高雄市新光高中,64000140,鳳屏一路217號,"健康中心位於新光高中學務處隔壁, 由大門口經穿堂轉右手邊經過教官室及學務處,即可抵達目的地,門口有自發光指示牌",22.635555,120.390504,(07)7019888,
中華機械股份有限公司高雄營業處,64000140,鳳屏一路268號,辦公室大門口進來11點鐘方位,22.633124,120.388377,(07)7030808,
高雄市大寮區中庄國民小學,64000140,中庄里中庄路59號,中央教學大樓一樓玄關，由前棟及後方運動場皆可目視AED所在位置。,22.635001,120.397477,(07)7032838,
高雄市立中庄國中,64000140,光明路三段1437號,校門口右邊入學務處樓梯上牆邊,22.628618,120.409588,(07)7033166,
高雄市大寮區後庄國民小學,64000140,民揚路28號,大門口進來後於穿堂左邊1樓健康中心。,22.636725,120.38847,(07)7035278,
高雄市瑞豐國小,64000090,瑞隆路100號,放置於傳達室內,22.599902,120.335956,(07)7110846,6036
高雄市立大仁國中,64000080,建國一硌148號,大仁國中傳達室,22.632816,120.329643,(07)7114302,38
高雄市政府衛生局,64000080,凱旋二路132-1號,一樓服務台旁，疾管處門口牆上,22.626242,120.325318,(07)7134000,
高雄市政府衛生局,64000080,凱旋二路132-1號,出電梯口左手邊，廁所旁,22.626544,120.324941,(07)7134000,6163
高雄巿三信高級家事商業職業學校,64000080,三多一路186號,瓊瑤大樓1樓中間樓梯旁,22.622097,120.328857,(07)7134057,
高雄巿三信高級家事商業職業學校,64000080,三多一路186號,行政大樓教官室前走廊,22.622097,120.328857,(07)7134057,
家福股份有限公司五甲分公司,64000120,林森路291號,收銀線,22.596292,120.336806,(07)7138508,
裕昌汽車股份有限公司一心分公司,64000090,一心一路356號,1樓商談區,22.608537,120.317302,(07)7138787,
高雄市立英明國中,64000080,高雄市苓雅區英明路147號,健康中心門口右邊柱子,22.615194,120.324889,(07)7150949,
高都汽車三多服務廠,64000080,三多二路91號,客休室沙發區及吧台中間,22.620485,120.325112,(07)7151551,
澄清眼科,64000120,五甲二路302號,診所1樓大廳,22.611359,120.349316,(07)7153625,
國立高雄師範大學,64000080,和平一路116號,操場邊之體育館一樓正門入口左側,22.625128,120.322046,(07)7172930,1119
國立高雄師範大學,64000210,深中路62號,行政教學區致理大樓一樓入口右側,22.782789,120.404556,(07)7172930,1119
國立高雄師範大學,64000080,和平一路116號,活動中心一樓(操場邊),22.624489,120.321128,(07)7172930,12911293
高雄市立青年國民中學,64000120,青年路二段89號,大門進入後第一棟一樓中廊左側，近總務處的轉角處。,22.630731,120.349345,(07)7190419,
高雄市立高雄女子高級中學,64000070,五福三路122號,高雄女中粽合大樓一樓玄關(總務處前方),22.6209,120.293,(07)72115418,
高都汽車瑞豐服務廠,64000090,保泰路431號,接待區牆面,22.60449,120.336407,(07)7212161,
高雄市前鎮區光華國民小學,64000090,廣西路57號,光華國小傳達室內,22.615418,120.320107,(07)7222846,23
高雄市私立正義高級中學,64000120,南江街183號,置於警衛室入口正前方牆壁,22.602567,120.339772,(07)7225529,25
高雄市立高雄高商,64000060,五福二路3號,AED放置於中正樓玄關右側,22.625479,120.309332,(07)72269975,1312
高雄市苓雅區福康國小,64000080,漢陽街17號,健康中心前門入口處,22.618923,120.329169,(07)7227134,
高雄市私立國際高級商工職業學校,64000080,三多二路84號,位於總務處門口外走道,22.621233,120.326311,(07)7228665,263
高雄市體育處中正運動場(含體育處),64000080,中正一路99號,中正運動場北門入口,22.625484,120.333965,(07)7229449,611
高雄市立中正高級工業職業學校,64000090,光華二路80號,位於中正高工足球場，體育組辦公是靠近操場的牆面上。,22.61148,120.319283,(07)7232301,291
高雄市立中正高級工業職業學校,64000090,光華二路80號,中正高工正門口警衛室,22.610643,120.31754,(07)7232301,291
高雄市政府警察局苓雅分局福德二路派出所,64000080,福德二路77號,福德二路派出所,22.632309,120.327964,(07)7233343,
高雄中央公園英迪格酒店,64000060,中山一路4號,進大門後，櫃檯後方之櫃檯辦公室，靠左面牆壁,22.624478,120.301379,(07)72721555,
正修科技大學,64000050,澄清路840號,放置地點於學生活動中心二樓衛保組門口 為校園中心點 方便取用,22.647373,120.347183,(07)73106061,124
正修科技大學,64000120,澄清路840號,圖科大樓大門口左側  進修部辦公室,22.64819,120.350094,(07)7312787,
正修科技大學,64000120,澄清路840號,生活創意大樓大門入口處左側,22.648825,120.348555,(07)7312787,
正修科技大學,64000120,澄清路840號,行政大樓一樓服務台旁,22.650666,120.349768,(07)7312787,
高雄市鳥松區衛生所,64000180,文前路文北巷1弄4號,放置於診療室入口旁,22.663571,120.362767,(07)7316404,
高雄市政府警察局鳳山分局文山派出所,64000120,鳳松路127號,高雄市政府警察局鳳山分局文山派出所,22.641174,120.363582,(07)7324341,
高雄市立三民高級中學,64000050,金鼎路81號,AED放置於教官室走廊，位處本校校園中心點位置,22.662482,120.32723,(07)73475181,826
高雄市政府環境保護局,64000180,澄清路834號,大門口總機服務處和A棟電梯中間(哺乳室正對面),22.649982,120.348524,(07)7351500,
高雄市立楠梓高級中學,64000040,清豐路19號,放至於大門口正對面的穿堂右側牆邊,22.7268,120.2975,(07)73550571,9
高雄市立楠梓特殊學校,64000040,德民路211號,aed位於本校健康中心入口左邊靠牆處。,22.728458,120.313892,(07)73642007,214
內政部警政署保安警察第五總隊,64000170,中正路451號,大門口會客室,22.694793,120.360845,(07)73720343,5079
高雄市後備指揮部,64000050,武功巷52號,"一進大門口後 右手邊服務台
進去後在右側牆邊即可看到AED",22.672016,120.331213,(07)73725915,
高雄市陽明國小,64000050,義德路52號,綜合球場旁邊玄關,22.645581,120.335411,(07)73851916,724
中山網球場,64000050,平等路12號,進球場大廳左邊,22.638398,120.320617,(07)73863660,
高雄市立志高級中學,64000050,大昌一路98號,由大昌一路進入本校，放置於教官室後門口與高國中部出入口,22.65319,120.326639,(07)73922601,
高都汽車股份有限公司鳳山分公司,64000120,建國路一段410號,面對客休室吧檯左手邊，牆上的紅色保管箱裡面。,22.634984,120.366772,(07)7401101,
財政部高雄國稅局鳳山分局,64000120,曹公路55-1號,前棟1樓入口處左手邊民眾書寫區桌上,22.628686,120.356996,(07)7404001,
高雄市政府文化局鳳儀書院,64000120,鳳明街62號,鳳儀書院左側，員工休息室外側（遊客休息區前方）,22.627658,120.359508,(07)7405362,
中正國防幹部預備學校,64000120,高雄市鳳山區凱旋路1號,中央樓梯左側,22.605233,120.361195,(07)7414188,5802
高雄市鳳山區衛生所,64000120,經武路34巷2號,本所一樓服務台,22.627236,120.362875,(07)7430437,
交通部臺灣鐵路管理局高雄運務段鳳山站,64000120,曹公路137號,往1月台電梯旁,22.630855,120.357472,(07)7460423,
交通部台灣鐵路管理局高雄運務段鳳山站,64000120,曹公路137號,候車大廳充電區旁,22.630855,120.357472,(07)7460423,
交通部臺灣鐵路管理局高雄運務段鳳山站,64000120,曹公路137號,第1月台嚮導員室旁,22.630855,120.357472,(07)7460423,
交通部臺灣鐵路管理局高雄運務段鳳山站,64000120,曹公路137號,第二月台行車室旁,22.630855,120.357472,(07)7460423,
國立鳳山商工,64000120,鳳山區文衡路51號,大仁樓1樓保健室門口左側牆壁,22.634185,120.35803,(07)7462602,224
國立鳳山高級中學,64000120,光復路二段130號,體育館內,22.629632,120.346221,(07)7463150,
國立鳳山高級中學,64000120,光復路二段130號,1樓中走廊公用電話上方,22.629926,120.345713,(07)7463150,
高雄市鳳山區誠正國小,64000120,黃埔新村國校巷７８號,健康中心外走廊,22.616848,120.363867,(07)7463417,60
高雄市鳳西國中,64000120,興中里光華路69號,鳳西國中健康中心大門入口左側,22.62102,120.35347,(07)7463452,28
大東醫院,64000120,光遠路171-2號,門診大廳掛號室外明顯處,22.625385,120.361918,(07)7463762,
高雄市議會,64000120,國泰路二段156號,入口大廳左側駐衛警值班台,22.621263,120.347335,(07)7470171,
高雄市議會,64000120,國泰路二段156號,議事廳左側放映室,22.621335,120.347484,(07)7470171,
高雄市政府警察局刑事警察大隊,64000120,光遠路388號,勤務指揮中心旁,22.626245,120.357618,(07)7472416,
鳳山體育場,64000120,體育路65號,體育館門口進入大廳左前柱上,22.621925,120.354361,(07)7473151,
台灣糖業股份有限公司高雄區處鳳山休閒廣場,64000120,國泰路一段152號,辦公室位於園區圓環處,22.614694,120.358427,(07)7473382,
高雄市老人公寓,64000120,平等路174號,掛放於1樓大廳門口牆壁上,22.620397,120.351154,(07)7481803,
高雄市立中正高級中學,64000080,中正一路8號,進入圖書館大門右側,22.626162,120.338815,(07)7491992,
高雄市立中正高級中學,64000080,中正一路8號,本校大門口，警衛室室內,22.626162,120.338815,(07)7491992,888
高雄市苓雅區福東國小,64000080,高雄市苓雅區福德三路96號,校門口警衛室21小時駐點，偶爾駐守人員會巡邏校園。,22.626881,120.326254,(07)7510048,
高雄市苓雅區五權國小,64000080,三多二路100號,活動中心一F游泳池旁,22.620775,120.323526,(07)7511074,
高雄市苓雅區五權國小,64000080,三多二路100號,三多路大門進來玄關右側,22.620688,120.324309,(07)7511074,
高雄市政府文化局打狗英國領事館文化園區,64000020,哨船街7號,辦公室入口右側,22.617561,120.267406,(07)75314170,
艾奕康工程顧問股份有限公司高雄辦公室,64000090,復興四路12號6樓之1,高雄市軟體園區A棟6F-1，員工辦公室,22.604754,120.300153,(07)75376611,
高雄市立明華國中,64000020,明誠三路582號,在C棟1F圖書館旁,22.66195,120.30118,(07)75502001,
高雄市鹽埕分局七賢派出所,64000010,七賢三路170號,高雄市鹽埕區七賢派出所大門口,22.627323,120.282947,(07)75513534,
高雄市中華藝術學校,64000020,美術館路89號,北校區健康中心入口左邊,22.655584,120.289404,(07)75549696,333
高雄市立旗津國民中學,64000100,805高雄市旗津區中洲二路207號,大門口警衛室內,22.588721,120.285816,(07)75714595,
高雄市立海青工商,64000030,左營大路1號,教官室前穿堂,22.674917,120.285326,(07)75819155,9
左營慈濟宮管理委員會,64000030,蓮潭路9號,進入慈濟宮辦公室 左側,22.680873,120.29164,(07)75821602,
左營活動中心,64000030,明德新村7-1號,進入大門口左側辦公室旁的轉角牆上,22.692099,120.286986,(07)75851859,
國立高雄大學,64000040,高雄大學路700號,圖書資訊大樓一樓自主學習外空間,22.734415,120.285178,(07)75919009,
十鼓橋糖文創園區,64000200,糖廠路24號,"十鼓文創商品館
在鼓樂心靈饗宴之後，為將鼓樂震撼的感動記憶帶回家，這裡可提供您影音、紀念品、T、俠客包、明信片‧‧‧等的各式選擇。",22.755141,120.313809,(07)76119629,
國立高雄師範大學附屬高級中學,64000080,凱旋二路89號,晨曦樓川堂,22.626291,120.322716,(07)7613875,525
力邁斯健身運動廣場,64000090,保泰路355號2樓,"1.出電梯大門直走，至第二梁柱
2.AED掛置在梁柱上",22.603443,120.334932,(07)7615092,
交通部台灣鐵路管理局高雄運務段岡山站,64000190,岡燕路111號,"車站候車旅客等候之候車大廳
剪票口旁",22.792271,120.300019,(07)76212074,
空軍軍官學校,64000190,介壽西路西首一號,配合軍區緊急救護使用，平時不對外開放,22.783482,120.270724,(07)76254141,977220
和春護理之家,64000190,中山南路268號,2樓護理站前,22.782552,120.299762,(07)76265580,
吉園股份有限公司,64000190,三和里中崙寮路1號,願行館1樓服務櫃檯後方,22.828852,120.331353,(07)76281911,
舜倡發企業股份有限公司,64000230,復安里復安13-6號,舜倡發企業股份有限公司辦公室旁,22.838626,120.334336,(07)76331456,
高雄市立忠孝國民中學,64000120,國泰路二段81號,忠孝國中大門口進入，正前方行政大樓川廊左轉第一間總務處走廊牆壁處,22.61976,120.345811,(07)7635252,
高雄市大樹區龍目國小,64000150,龍目路56號,龍目國小大門口警衛室前,22.689031,120.408877,(07)76514110,30
高雄市大寮區溪寮國民小學,64000140,溪寮里溪寮路69號,溪寮國小南棟校舍辦公室前,22.630094,120.420563,(07)76516256,
高雄市立溪埔國民中學,64000150,溪埔路1號,校舍一樓穿堂,22.731402,120.445837,(07)76561335,
旗山轉運站,64000300,大同街23號,候車大廳售票處旁靠牆處,22.88357,120.484559,(07)76612053,
國立旗美高級中學,64000300,東平里樹人路21號,第二棟綠色大樓,22.88515,120.494002,(07)76612502,
國立鳳新高中,64000120,新富路257號,行政大樓1樓教官室門口右側牆壁,22.613077,120.343064,(07)7667648,
CURVES女性專用30分鐘健身中心 鳳山青年店,64000120,青年路二段478號2樓,面向環狀運動圈左側,22.644418,120.351094,(07)7676266,
香港商世界健身事業有限公司鳳山文衡分公司,64000120,文衡路506號,Worldgym世界健身鳳山文衡店一樓客服櫃檯前,22.641354,120.349327,(07)7678822,
高雄市六龜區新發國民小學,64000320,新發里和平路130號,"1. 廚房旁邊
2.樓梯口公共電話下面",23.032411,120.663863,(07)76791387,
高雄市美濃區龍山國民小學,64000310,龍山里龍山街62號,位於學校大門口進來，看見教師辦公室門口的左側邊,22.864619,120.555854,(07)76833654,
高雄市政府警察局湖內分局,64000250,中山路一段290號,面向服務台左側,22.885475,120.245659,(07)76932155,
高雄市湖內區文賢國民小學,64000250,中正路2段39號,位於本校大門入口右側牆壁。,22.908516,120.213252,(07)76996930,
高雄市政府社會局長青綜合服務中心,64000080,四維二路51號,長青中心一樓大廳入口左側第二根柱子牆面上,22.626881,120.326254,(07)7710055,
高雄市政府社會局長青綜合服務中心,64000080,四維二路51號,高雄市政府社會局長青綜合服務中心3樓大廳處,22.622092,120.320377,(07)7710055,
大潤發流通事業股份有限公司鳳山分公司,64000120,文化路59號,B1F美商街.收銀線,22.633623,120.355462,(07)77102999,
交通部公路總局高雄區監理所,64000120,武營路361號,大廳入口處，服務台前,22.615264,120.336197,(07)7711101,801
交通部台灣鐵路管理局高雄機廠,64000120,武慶二路221號,武慶二路的大門(東門)，進入入口直走，至文康中心左轉後直走，位於右側聯合辦公室。,22.615926,120.332301,(07)7712577,68
Curves女性健身中心前鎮瑞隆店,64000090,永豐路36號2樓,運動圈旁,22.604263,120.333873,(07)77212776,
高雄市中正國民小學,64000080,輔仁路100號,校門口玄關願景牆左邊,22.629891,120.333472,(07)77225936,711
高雄市立光華國民中學,64000090,和平二路170號,大門口旁右邊的傳達室,22.611342,120.322438,(07)7722622,22
澄清湖棒球場,64000180,大埤路113號,外野出入口右側,22.654017,120.358722,(07)77336978,
澄清湖棒球場,64000180,大埤路113號,大門入口內右側區,22.65477,120.359398,(07)77336978,
澄清湖棒球場,64000180,大埤路113號,二樓大門入口右側,22.65424,120.358223,(07)77336978,
中正技擊館,64000080,中正一路96號,2F西館電梯出入口,22.627696,120.334848,(07)77519325,
高雄市立文山高中,64000180,大埤路31號,活動中心外,22.647606,120.353513,(07)7777272,
正修科技大學,64000120,濱山街80號,宿舍公佈欄旁,22.647452,120.352086,(07)7779233,
健身工廠鳳山廠,64000050,澄清路466號-1,2F會服部前門板上,22.640824,120.345623,(07)7781177,
聚和國際股份有限公司,64000140,華東路28號,守衛室外側明顯處,22.579444,120.433424,(07)77887600,
聚和國際股份有限公司,64000140,華東路28號,成品倉庫前方,22.579444,120.433424,(07)77887600,114
高雄市立空中大學-圖書館,64000110,大業北路436號,高雄市立空中大學-圖書館,22.566974,120.346384,(07)78012008,3202
正修科技大學,64000120,文濱路69號,文山學園宿舍入口處,22.641031,120.348473,(07)7801660,7801655、7801655
高都汽車LEXUS建國服務廠,64000120,建國路三段386號,展示中心內,22.638139,120.34849,(07)7805077,
交通部民用航空局高雄航空站,64000110,中山4路2號,國內航廈候機室(金龍廳),22.570729,120.344764,(07)78057610,
交通部民用航空局高雄航空站,64000110,中山4路2號,國際航廈3樓26號登機門,22.572438,120.341696,(07)78057610,
交通部民用航空局高雄航空站,64000110,中山4路2號,國內航廈服務台前方,22.574427,120.349359,(07)78057610,
輔英科技大學,64000140,永芳里進學路151號,女三宿1F，近樓梯。,22.600194,120.389943,(07)7811151,
輔英科技大學,64000140,永芳里進學路151號,G棟3F，近研發總中心。,22.600724,120.388865,(07)7811151,
輔英科技大學,64000140,永芳里進學路151號,行政大樓，近右側推廣教育組辦公室旁入口處。,22.60275,120.389948,(07)7811151,
輔英科技大學,64000140,永芳里進學路151號,體育館大門左側,22.60432,120.388838,(07)7811151,9
高雄市大寮區翁園國小,64000140,翁園裡翁園路79號,新校舍一樓中間穿堂處,22.622691,120.40883,(07)7811685,
高雄市大寮區衛生所,64000140,進學路129巷2-1號,大門進入，電梯旁牆上,22.607632,120.393914,(07)7811965,
高雄市大寮區永芳國民小學,64000140,鳳林三路499號,校門口懸玄關,22.584481,120.401191,(07)7812814,
高雄市大寮區忠義國小,64000140,忠義路1號,健康中心門口,22.616865,120.3847,(07)7812858,16
高雄市立瑞祥高級中學,64000090,班超路63號,活動中心1樓(游泳池旁),22.597079,120.314721,(07)78152271,
中山工商職校,64000140,正氣路79號,保健室外走道,22.599783,120.392987,(07)7815311,236
中山工商職校,64000140,正氣路79號,導師室外,22.600566,120.393237,(07)7815311,236
中山工商職校,64000140,正氣路79號,近體育器材室,22.598609,120.392926,(07)7815311,236
中山工商職校附設幼兒園,64000140,正氣路79號,往操場走廊牆邊,22.600194,120.392647,(07)7815311,236
中山工商職校,64000140,正氣路79號,導師室外,22.600055,120.392266,(07)7815311,236
高都汽車鳳林營業所,64000140,力行路197號,展示間側門口,22.638063,120.369512,(07)7827271,
高雄市大寮區山頂國民小學,64000140,高雄市大寮區山頂里山頂路211號,活動中心門口右側,22.607434,120.389299,(07)7828205,30
高英工商,64000140,鳳林三路19巷44號,健康中心入口處右邊靠牆處,22.594351,120.40073,(07)7832991,
高雄市立大寮國民中學,64000140,永芳里進學路150號,大寮國中第一棟一樓總務處旁,22.603552,120.392717,(07)7837091,390
長興材料工業股份有限公司(大發廠),64000140,裕民街30號,A棟1樓,22.588008,120.435424,(07)7871564,
長興材料工業股份有限公司(大發廠),64000140,大發工業區裕民街30號,B棟1樓大廳門口,22.588008,120.435424,(07)7871564,
台灣電力公司訓練所高雄訓練中心,64000140,華西路41號(大發工業區),教學大樓穿堂明顯處,22.588652,120.42265,(07)7872201,
長春集團(人造樹脂)大發廠,64000140,大發工業區華西街八號,一樓聯合辦公室,22.573101,120.423009,(07)7872654,
長春集團(石油化學)大發廠,64000140,大發工業區華西路8號,長春集團大發廠醫護室,22.572962,120.424697,(07)7872654,987
高雄市立潮寮國中,64000140,潮寮里潮寮路51-9號,學校玄關(川堂),22.56395,120.424186,(07)7879544,26
長春集團大連化學工業股份有限公司(大發廠),64000140,大發工業區華西路8-1號,設置於中央控制室1及中央控制室2休息室,22.573696,120.424114,(07)7881165,990
長春集團大連化學工業股份有限公司(大發廠),64000140,大發工業區華西路8-1號,設置於中央控制室1及中央控制室2休息室,22.573636,120.423471,(07)7881165,990
和春技術學院,64000140,至學路288號,1.大發校區，圖資大樓一樓,22.58283,120.396831,(07)7889888,2451
裕昌汽車股份有限公司鳳山分公司,64000120,光復路89號,出納櫃台旁,22.628946,120.359635,(07)7902888,
香港商世界健身事業有限公司鳳山中山分公司,64000120,中山路149號2F,MMA前面,22.622607,120.358141,(07)7903333,
香港商世界健身事業有限公司鳳山中山分公司,64000120,中山路149號2F,教練櫃台旁,22.622607,120.358141,(07)7903333,
高雄市小港區桂林國小,64000110,高雄市小港區桂陽路390號,玄關,22.582394,120.350933,(07)7910766,
哲園社區管理委員會,64000110,中安路900號,一樓管理大廳信箱區前,22.584605,120.367266,(07)7911200,
高雄市小港區明義國民小學,64000110,明義街77號,大門玄關(德風樓)右側,22.582874,120.367227,(07)7916199,
高雄市前鎮區紅毛港國小,64000090,高雄市前鎮區明鳳七街1號,校門旁警衛室,22.583702,120.334713,(07)7917608,521
健身工廠草衙廠,64000090,中山四路100號,大道西棟-健身工廠草衙廠-會務辦公區旁,22.582372,120.328525,(07)7918333,
鳳翔國民小學,64000120,鳳育路63號,本校大門口進入直走約100公尺處健康中心前,22.595606,120.341167,(07)7922751,
高雄市立鳳翔國民中學,64000120,保義街100號,一樓視聽教室門口,22.59641,120.348197,(07)7929337,23
高雄捷運信義國小站,64000060,中正三路32之一號,穿堂層服務台往1號出入口旁側牆,22.630747,120.311622,(07)793966,
高雄捷運高雄國際機場站,64000110,中山四路2之2號地下一樓,R4穿堂層服務台前，靠近5號出入口牆邊,22.57011,120.342221,(07)7939666,
高雄捷運小港站,64000110,沿海一路280號地下一樓,R3穿堂層服務台前牆邊,22.56471,120.3539,(07)7939666,10301
高雄捷運前鎮高中站,64000090,翠亨北路225號地下一樓,R5穿堂層服務台前火警受信總機旁,22.588238,120.321767,(07)7939666,10501
高雄捷運凱旋站,64000090,中山三路1號地下一樓,R6穿堂層服務台前側牆,22.596778,120.313152,(07)7939666,10601
高雄捷運獅甲站,64000090,中山三路150號地下一樓,R7穿堂層往4號出口通道旁,22.605678,120.307233,(07)7939666,10701
高雄捷運三多商圈站,64000080,中山二路268號地下一樓,R8穿堂往3.4出通道口,22.613747,120.30464,(07)7939666,10801
高雄捷運中央公園站,64000070,中山一路11號地下一樓,R9穿堂層付費區內服務台旁,22.624787,120.30119,(07)7939666,10901
高雄捷運美麗島站(R10),64000060,中山一路115號地下一樓,R10穿堂層穹頂簡易服務台旁光柱前,22.631517,120.301329,(07)7939666,11001
高雄捷運美麗島站(R10),64000060,中山一路115號地下一樓,R10月台層上行側柱邊,22.631517,120.301329,(07)7939666,11001
高雄捷運高雄車站,64000050,建國二路320號地下三層,R11穿堂層往出口牆邊,22.637983,120.302821,(07)7939666,11101
高雄捷運高雄車站,64000050,建國二路320號地下三層,R11月台層上行側柱邊,22.63957,120.302687,(07)7939666,11101
高雄捷運後驛站,64000050,博愛一路220號地下一層,R12穿堂層服務台前(靠近2號出入口),22.648251,120.303423,(07)7939666,11201
高雄捷運凹子底站,64000020,博愛二路21號地下一層,R13穿堂層服務台前,22.657374,120.302098,(07)7939666,11301
高雄捷運巨蛋站,64000030,博愛二路485號地下一層,"R14穿堂層服務台前最左側承重牆與往1,2號出入口之間",22.665799,120.303168,(07)7939666,11401
高雄捷運巨蛋站,64000030,博愛二路485號地下一層,R14穿堂層服務台往5號出通道口,22.666355,120.303135,(07)7939666,11401
高雄捷運生態園區站,64000030,博愛三路435號地下一層,R15穿堂層服務台前側牆旁,22.676736,120.30669,(07)7939666,11501
高雄捷運左營站,64000030,高鐵路107號地下一層,R16穿堂層付費區牆旁,22.687953,120.309064,(07)7939666,11601
高雄捷運左營站,64000030,高鐵路107號地下一層,R16穿堂層服務台旁非付費區牆邊,22.688101,120.309172,(07)7939666,11601
高雄捷運世運站,64000040,宏南里1鄰左楠路1號,R17穿堂層服務台前站長室旁,22.701628,120.302519,(07)7939666,11701
高雄捷運油廠國小站,64000040,宏南里1鄰左楠路6號,R18穿堂層服務台旁火警受信總機牆邊,22.708885,120.302181,(07)7939666,11801
高雄捷運楠梓加工區站,64000040,加昌路598號,R19穿堂層服務台前承重柱旁,22.718404,120.306419,(07)7939666,11901
高雄捷運後勁站,64000040,金田里18鄰加昌路178號,R20穿堂層服務台前承重柱旁,22.722256,120.316325,(07)7939666,12001
高雄捷運都會公園站,64000040,惠豐里9鄰高楠公路1835號,R21穿堂層服務台前承重柱旁(往1號出入口方向),22.728874,120.32111,(07)7939666,12101
高雄捷運青埔站,64000200,經武路20號,R22穿堂層自動閘門前火警受信總機旁,22.744725,120.317644,(07)7939666,12201
高雄捷運橋頭火車站,64000200,站前街12之1號,R23穿堂層自動閘門前(往台鐵方向通道牆),22.760353,120.310928,(07)7939666,12301
高雄捷運南岡山站,64000190,大遼里9鄰中山南路2號,R24穿堂層服務台前牆邊,22.78086,120.301538,(07)7939666,12401
高雄捷運草衙站,64000090,翠亨南路555號地下一樓,R4A穿堂層服務台前側牆邊,22.580358,120.328451,(07)7939666,14901
高雄捷運橋頭糖廠站,64000200,興糖路19號,R22A穿堂層自動閘門前,22.753322,120.314554,(07)7939666,15001
高雄捷運西子灣站,64000020,臨海二路17-1號地下一層,穿堂層服務台往1號出入口AG旁側牆,22.621545,120.274538,(07)7939666,20101
高雄捷運鹽埕埔站,64000010,大勇路96號地下一層,穿堂層服務台及自動閘門旁，往2號出入口側牆邊,22.62362,120.283647,(07)7939666,20201
高雄捷運市議會站,64000070,中正四路192-1號地下一層,穿堂層服務台左前方側牆,22.629006,120.294882,(07)7939666,20401
高雄捷運美麗島站(O5),64000060,中山一路115號地下一層,O5穿堂層服務台另一側自動閘門前承重柱旁,22.631388,120.301955,(07)7939666,20501
高雄捷運文化中心站,64000080,中正二路45號地下一層,穿堂層服務台左前方側牆,22.630307,120.317596,(07)7939666,20701
高雄捷運五塊厝站,64000080,中正一路286號地下一層,穿堂層服務台旁自動閘門側牆邊,22.629541,120.327674,(07)7939666,20801
高雄捷運技擊館站,64000080,中正一路99號地下一層,穿堂層服務台左前方承重牆旁,22.62721,120.334584,(07)7939666,20901
高雄捷運衛武營站,64000080,中正一路2號地下一層,O10穿堂層服務台左前方側旁,22.625031,120.34106,(07)7939666,21001
高雄捷運鳳山西站,64000120,自由路281號地下一層,O11穿堂層服務台旁側牆(往2號出入口方向),22.625244,120.348323,(07)7939666,21101
高雄捷運鳳山站,64000120,光遠路446號地下一層,穿堂層服務台旁側牆(往1號出入口方向),22.626007,120.355364,(07)7939666,21201
高雄捷運大東站,64000120,光遠路226號地下一層,穿堂層服務台旁側牆(付費區內),22.625207,120.36347,(07)7939666,21301
高雄捷運鳳山國中站,64000120,瑞竹里中山東路225號地下一層,穿堂層服務台左前方側牆,22.624909,120.372481,(07)7939666,21401
高雄捷運大寮站,64000140,捷西路300號,穿堂層服務台前牆邊,22.622428,120.38977,(07)7939666,25001
大魯閣草衙道,64000090,中安路1之1號,"大道東3F美食街
3A06b櫃位與手扶梯轉角處",22.582407,120.331105,(07)7969999,
大魯閣草衙道,64000090,中安路1之1號,大道東1樓1F育嬰室與1B22/23櫃位中間柱子,22.582407,120.331105,(07)7969999,
大魯閣草衙道,64000090,中安路1之1號,"大道東2F.WeSport服務中心
手機充電座旁",22.582407,120.331105,(07)7969999,
高雄市現代化綜合體育館(高雄巨蛋體育館),64000030,博愛二路757號,高雄巨蛋東大廳入口櫃台旁,22.669158,120.30143,(07)79749888,
高雄市新客家文化園區,64000050,同盟二路217號,"圓樓餐廳入口進去,左前方,樓梯旁",22.64989,120.29492,(07)79768777,
交通部臺灣鐵路管理局高雄運務段正義站,64000080,建軍里正義路308號地下一樓,穿堂層1月台電梯旁,22.634189,120.342785,(07)7999818,
國軍高雄忠靈塔,64000180,高雄市鳥松區澄清湖,國軍高雄忠靈塔澄清湖,22.660205,120.372374,(07)8001700,
台灣國際造船股份有限公司,64000110,中鋼路3號,勞安處員工診所候診大廳內,22.552346,120.345619,(07)8010111,2183
高雄市小港區鳳陽國小,64000110,鳳陽街2號,"於學校穿堂右手邊公布欄旁
校門口一進入即可看到明顯標示",22.561242,120.369953,(07)8010865,
高雄市立空中大學,64000110,大業北路436號,本校行政樓與教學樓玄關處值勤室入口左側牆上,22.566389,120.345706,(07)8012008,1101
長源汽車小港營業所,64000110,大業北路19號,顧客休息室,22.563588,120.347282,(07)80134688,
高雄市小港區青山國小,64000110,高雄市小港區飛機路153號,放置於第一棟教室玄關內,22.57301,120.360998,(07)8014543,123
高雄市小港區二苓國民小學,64000110,立群路6號,操場旁司令台後方,22.564125,120.353251,(07)8016837,
高鳳工家,64000110,松崗路119號,教學大樓一樓第一會議室,22.575702,120.375966,(07)8023680,206
裕昌汽車股份有限公司小港分公司,64000110,宏平路433號,1樓上網區旁,22.569584,120.357541,(07)8031587,
高雄市立社會教育館,64000110,學府路115號,高雄市立社會教育館期刊室服務台旁走道左側,22.564802,120.359396,(07)8034473,
高都汽車小港服務廠,64000110,大業北路27號,展示區牆面,22.564885,120.346155,(07)8037221,
交通部民用航空局高雄航空站,64000110,中山四路2號,國際航廈入境行李提領區,22.571521,120.340494,(07)8057556,
交通部民用航空局高雄航空站,64000110,中山4路2號,國際航廈1樓迎賓大廳觀光局旁,22.572804,120.338058,(07)8057556,
交通部民用航空局高雄航空站,64000110,中山四路2路,國際航廈3樓出境入口,22.574706,120.335655,(07)8057556,
國立高雄餐旅大學,64000110,松和路1號,第一實習大樓大門入口處左方,22.565077,120.372906,(07)8060505,
國立高雄餐旅大學多功能活動中心,64000110,松和路1號,國立高雄餐旅大學多功能活動中心,22.565738,120.371636,(07)8060505,1334
國立高雄餐旅大學精誠樓,64000110,松和路1號,國立高雄餐旅大學精誠樓,22.562159,120.373201,(07)8060505,6110
國立高雄餐旅大學勤樸樓,64000110,松和路1號,國立高雄餐旅大學勤樸樓,22.561718,120.373201,(07)8060505,6110
國立高雄餐旅大學附屬餐旅高級中等學校,64000120,松和路40號,中庭右側,22.566226,120.371726,(07)8060705,26
高雄市前鎮區明正國小,64000090,明道路2號,高雄市明正國小-警衛室外牆,22.580217,120.326588,(07)8110965,
萬海航運股份有限公司 高雄碼頭,64000090,興化里鎮港路18號,C棟4樓作業課辦公室,22.582744,120.308977,(07)8123342,
萬海航運股份有限公司 高雄碼頭,64000090,興化里鎮港路18號,主辦公室1F入口櫃台旁,22.582744,120.308977,(07)8123342,
陽明海運股份有限公司高雄分公司,64000110,新生路999號,70W船邊大樓1樓管理室內,22.559449,120.320058,(07)8129200,
陽明海運股份有限公司高雄分公司,64000110,新生路999號,1樓大廳,22.56446,120.325571,(07)8129200,
長榮海運股份有限公司高雄貨櫃本部,64000100,旗津一路10號(116號碼頭),門口警衛室內,22.61174,120.267381,(07)8135171,7119
長榮海運股份有限公司高雄貨櫃本部,64000110,光和路68號,門口警衛室內,22.556944,120.337636,(07)8135171,7119
高雄市前鎮國民小學,64000090,新生路200號,大門口進來的中間穿堂,22.586614,120.308417,(07)8212448,313
台灣日東電工股份有限公司第三工廠,64000090,中六路5號,#12塗工機卷取室,22.599305,120.291389,(07)8213106,380
紘洋化學股份有限公司,64000090,國華一街3號,高雄市前鎮區國華一街3號(辦公室一樓),22.587178,120.303312,(07)8214796,
高雄市市立五甲國中,64000120,龍成路111號,學校門口警衛傳達室門口前左側,22.597978,120.328836,(07)8215239,39
高雄富野渡假酒店,64000090,瑞田街99號,凱旋青年夜市旁的高雄富野渡假酒店之1樓大廳大門旁牆上,22.598089,120.320184,(07)8215299,
台灣三井高科技股份有限公司,64000090,高加出口區南五路1號,2F餐廳(飲料販賣旁),22.592874,120.295351,(07)8215300,
高雄市南成國民小學,64000120,南和街101號,靜思樓穿堂左側靠牆處,22.594219,120.335307,(07)8215354,30
高雄市立小港國民中學,64000110,平和南路185號,東君樓一樓  樓梯旁,22.566164,120.338144,(07)8215929,
高雄市鳳山區第二衛生所,64000120,林森路141號,衛生所1樓服務台右側旁,22.593814,120.33323,(07)8216939,
高雄市立前鎮國民中學,64000090,新衙路17號,設置於健康中心外,22.582958,120.319669,(07)8217677,
高雄市興仁國民中學,64000090,德昌路345號,入校門右邊,22.586493,120.313845,(07)8218119,77
高雄市小港區衛生所,64000110,小港二街10號,衛生所一樓大廳,22.563223,120.336863,(07)8218802,
高雄福誠高中,64000120,五甲三路176號,高雄福誠高中川堂,22.590319,120.323274,(07)8224646,
高雄市立福誠高中,64000120,五甲三路176號,本校風雨球場管理室旁,22.590482,120.32387,(07)8224646,350
高雄市立前鎮高級中學,64000090,鎮中路132號,傳達室〈警衛室〉,22.597079,120.314721,(07)8226841,
高雄市前鎮區佛公國小,64000090,后平路135號,傳達室門口場所明顯方便取得,22.572696,120.320227,(07)8229801,
夢時代購物中心,64000090,中華五路789號,夢時代B2F客服中心,22.594428,120.305652,(07)8230883,
夢時代購物中心,64000090,中華五路789號,時代百貨6樓客服中心,22.594458,120.30569,(07)8230883,
夢時代購物中心,64000090,中華五路789號,1樓服務台前方,22.595301,120.307519,(07)8230883,
夢時代購物中心,64000090,中華五路789號,5樓醫務室,22.595093,120.308087,(07)8230883,
高雄港務分公司過港隧道管理中心,64000090,漁港南三路2號,1F大門口旁,22.56556,120.316821,(07)83141833,125
Curves可爾姿五甲店,64000120,五甲三路119號4樓,進門直走,22.591381,120.325888,(07)8411001,
高雄市前鎮區衛生所,64000090,康定路149號,大廳,22.586174,120.318669,(07)8414687,
高雄市仁愛國民小學,64000090,新衙路93號,德昌路大門玄關左側樓梯旁,22.582137,120.31718,(07)8414911,360
李長榮化工高雄碼頭儲運站,64000090,國華二街二號,置放於警衛室及高壓控制室中間的操作辦公室牆面上。,22.588114,120.299191,(07)8419755,
高雄市立鳳林國中,64000110,龍鳳路559號,本校校門口左邊第一棟行政大樓。1F學務處門口前方，靠近總務處。,22.555318,120.360845,(07)8711130,22
李長榮科技股份有限公司銅箔廠,64000110,中林路3-1號,2F品保室,22.538703,120.369174,(07)8711291,
高雄市紅毛港文化園區,64000110,南星路2808號,位於園區候船室內服務台後方。,22.550849,120.318811,(07)8711815,
環球橡膠股份有限公司小港廠,64000110,中林路16號,辦公大樓1FDCS控制室門口,22.538357,120.368103,(07)8712268,190141
李長榮化學工業股份有限公司 高雄廠,64000110,中林路3號,人員上下班打卡區域,22.5387,120.369176,(07)8712890,
高雄市小港區鳳鳴國小,64000110,鳳鳴路191號,校園大門走入即可看見紅色鮮明的AED在穿堂左手邊(近學務處),22.515348,120.357569,(07)8714561,121
鴻立鋼鐵股份有限公司,64000110,沿海三路24號,位於大門守衛室內,22.532446,120.371751,(07)8716886,
高明貨櫃碼頭股份有限公司,64000110,南星路2800號,碼頭作業室，供船邊作業人員使用,22.525731,120.341292,(07)8727671,
高明貨櫃碼頭股份有限公司,64000110,南星路2800號,所有行政大樓人員，及來訪貴賓必經處，緊急情況可以隨手取得AED,22.525731,120.341292,(07)8727671,
高明貨櫃碼頭股份有限公司,64000110,南星路2800號,此為交提貨櫃辦公區，貨主及碼頭作業室打卡必經之處，緊急狀況發生時可隨手取得AED,22.525731,120.341292,(07)8727671,
高雄市小港區坪頂國民小學,64000110,大平路2號,警衛室與幼兒園大門之間,22.56094,120.391495,(07)8911410,
台灣自來水公司第七區管理處鳳山給水廠(鳳山水庫),64000110,天池路1號,東哨警衛室內,22.544137,120.396241,(07)8912619,辦公室
國巨股份有限公司-大社廠,64000160,中正路291號,接待大廳進門左側,22.7395,120.348437,(07)9616999,3521
國巨股份有限公司-旗楠廠,64000160,旗楠路101-2號,進門口櫃台旁,22.748395,120.347119,(07)9616999,3521
易華電子股份有限公司,64000040,新開發路8號,公司大廳左側，樓梯口,22.723668,120.308672,(07)9620668,2015
英屬百慕達商友邦人壽保險股份有限公司高雄分公司,64000080,中正二路175號18樓,"維士比大樓18樓友邦人壽高雄分公司內,進門後左側.",22.63039,120.31391,(07)9655699,
天主教道明高級中學,64000080,建國一路354號,天主教道明高級中學大門口旁傳達室牆壁上，目標明顯,22.633372,120.322786,(07)9656441,
香港商世界健身事業有限公司高雄分公司,64000090,三多三路217號16樓,教練櫃檯旁,22.614252,120.306006,(07)9660088,
遠東百貨股份有限公司高雄分公司,64000080,三多四路21號,9樓客戶服務台前方,22.612731,120.304606,(07)9728888,8168
晶英國際行館,64000090,中山二路199號,一樓辦理入住大廳,22.611114,120.30579,(07)9730186,1116
晶英國際行館,64000090,中山二路199號,16樓海立樓泳池櫃檯,22.611114,120.30579,(07)9730186,1132
信宗開發股份有限公司(高雄信宗大飯店),64000050,建國三路487號,櫃檯旁,22.635557,120.289584,(07)9738666,
國泰商旅 和逸高雄中山館,64000090,中山二路260號22-30樓,30樓電梯出來右前方位置,22.597079,120.314721,(07)9756699,
統一健身俱樂部-高雄夢時代館,64000090,中華五路769號6樓,大廳入口右側,22.594984,120.306784,(07)9769011,
高雄市旗津區旗津國民小學,64000100,高雄市旗津區中洲三路623號,自強樓1樓健康中心外，安樂巷大門一進入即為自強樓，正對門口川堂玄關旁，AED放置位置旁邊為本校健康中心,22.608604,120.273023,,0800221195
高雄市大寮國小,64000140,大寮里大寮路740號,大寮路校門口進來，穿堂旁教務處靠北邊的門旁。校園裝置藝術-鼓風車的旁邊,22.590873,120.416808,,0908279667
信昌化工林園廠-行政大樓,64000130,工業三路9號,行政大樓,22.492211,120.415622,,0910757813
觀音湖,64000170,觀音湖2157段1063-2地號,高雄市仁武區觀音湖福德殿,22.711883,120.369377,,0910862005
高雄市橋頭區橋頭國民小學,64000200,樹德路200號,司令台後面，健康中心門口外之圍牆,22.761394,120.305871,,0910883036
高雄市立中正高級工業職業學校,64000090,高雄市前鎮區光華二路80號,中正高工仁愛大樓二樓導師辦公室前,22.610639,120.31754,,0910980208
高雄市立那瑪夏國民中學,64000380,瑪雅里平和巷171號,本校行政室走廊,23.239841,120.697256,,0911177669
高雄市金獅湖風景區,64000050,鼎金一巷25號,管理站入口左側靠牆處,22.66585,120.33126,,0912730809
好市多股份有限公司大順分公司,64000020,大順一路111號,2F電扶梯旁,22.656646,120.307084,,0919101183
好市多股份有限公司大順分公司,64000020,大順一路111號,1F電扶梯旁,22.656624,120.30707,,0919101183
陽明高雄海洋探索館,64000100,南汕里北汕巷50-61號,入口服務台右側,22.591125,120.288965,,0919761836
高雄市立南隆國民中學,64000310,南中街3號,成功樓川堂,22.885491,120.549906,,0920137532
高雄市大寮區昭明國民小學,64000140,鳳林一路300巷80號,由昭明國小有警衛室的側門前進入穿堂後，右邊望去的物料室牆壁，即是AED設置處。,22.54227,120.409029,,0922053488
高雄市三民區十全國民小學,64000050,十全二路162號,"學校大門進來第一棟大樓玄關,位於志工室前",22.646638,120.29867,,0922460961
高雄市後勁國小,64000040,加昌路216號,川堂佈告欄旁,22.722894,120.31567,,0928174697
高雄市小港區小港高中,64000110,學府路117號,放置於健康中心入口左方靠牆處,22.56414,120.357086,,0928396753
高雄市小港區小港國小,64000110,平和路1號,小港國小大玄關之電梯處,22.561451,120.33589,,0929013223
美力健身,64000080,中山二路410號7樓,健身房入口左側,22.618464,120.302764,,0929163092
高雄市立鳳甲國民中學,64000120,輜汽路300號,入校門後.川堂右轉第二間,22.616912,120.342536,,0931883689
艾奕康工程顧問股份有限公司高雄辦公室,64000090,成功二路25號6樓之1,高雄市鴻海大樓6F-1(客用電梯旁)，門口櫃台處,22.605313,120.300329,,0932796935
高雄市政府觀光局壽山動物園,64000020,萬壽路350號,服務中心裡面醫護室,22.63452,120.275193,,0932798373
高雄市鳳山區文德國民小學,64000120,文衡路356號,本校大操場正中央是司令台，AED放置在明顯的右側柱旁,22.640341,120.35395,,0933318087
高雄港高K201客船,64000100,北汕巷50-90號,高雄港K201客船船上,22.588582,120.288548,,0933446786
高都汽車股份有限公司九如廠,64000050,九如三路271號,二樓電梯口,22.643912,120.285245,,0933637485
高雄市甲仙區衛生所,64000330,中山路52號,"進入衛生所右側是掛號室,前進約3個步伐,右側側門旁即是AED",23.08379,120.587535,,0935832726
高雄市林園區汕尾國民小學,64000130,中汕里北汕路58巷2號,本校AED位於校門正門進來，右側校長室前放走廊,22.479124,120.411341,,0937470676
高雄市燕巢區橫山國民小學,64000210,橫山里24號,健康中心走廊,22.764384,120.384549,,0937646177
國立旗山高級農工職業學校,64000300,旗甲路一段195號,國立旗山農工勤政樓一樓教官室門前,22.900966,120.48276,,0937672058
高雄市立大社國民中學,64000160,神農里翠屏路100號,教學大樓一樓學務處走廊,22.72982,120.356825,,0953481737
高雄市政府四維行政中心,64000080,四維三路2號,四維行政中心1樓聯合服務中心門口左側警衛服務台旁,22.620431,120.312016,,0956154314
高雄市橋頭區甲圍國小,64000200,甲北里甲昌路250號,健康中心右側門外牆上,22.736921,120.293705,,0958131890
高雄市立獅甲國民中學,64000090,中山三路43號,獅甲捷運站1號出口獅甲國中警衛室,22.605183,120.308324,,0960687162
高雄永安國民中學,64000270,高雄市永安區保興一路三號,永安國中教學大樓的健康中心前,22.811269,120.239734,,0961068989
高雄市楠梓區楠陽國民小學,64000040,楠陽路100號,楠陽樓玄關旁家長會辦公室,22.737873,120.333509,,0972713753
天悅大酒店股份有限公司,64000150,大樹區義大八街100號,"大廳櫃檯左手邊櫃子,有標示",22.730514,120.401482,,0975102359
義大皇家酒店,64000150,學城路一段153號,"LB層大廳櫃檯,開放時間全天候24hrs",22.729576,120.401965,,0975593788
義大皇家酒店,64000150,學城路一段153號,"LB休閒部三溫暖櫃檯,24小時開放使用",22.729685,120.401595,,0975593788
高雄市鎮昌國民小學,64000090,樹人路261號,校門有左手邊警衛室裡,22.590375,120.318141,,0975755173
遠傳電信(高雄瑞豐門市),64000020,裕誠路1083號,在瑞豐夜市旁的遠傳電信門市中間的癈電池回收箱上方,22.665744,120.299896,,0981490590
可爾姿有限公司(Curves)高雄科工館店,64000050,九如一路805號3樓,在進門左邊,22.639711,120.320457,,0981939598
大津登山訓練中心,64000320,大津33號,1F會議室寢室旁,22.88943,120.646555,,0988551919
大樂股份有限公司,64000050,民族一路463號,服務台旁提款機上方,22.659104,120.315366,,0973926900
高雄市前金區建國國小,64000070,高雄市前金區自立二路111號,一樓穿堂,22.632528,120.298252,,0972860128
高雄市私立復華高級中學,64000080,民權一路42號,學校入門口警衛室內,22.621401,120.313233,,0920-422859
高雄市立前鎮高級中學,64000090,鎮中路132號,傳達室〈警衛室〉,22.597079,120.314721,,
高雄市私立樹德家商,64000050,建興路116號,放置於表藝大樓1樓演藝廳入口電梯旁,22.642994,120.328036,,
高雄市殯葬管理處第二殯儀館仁武分館,64000170,文學三街167號,辦公室內民眾座位區旁,22.697785,120.352132,,
高雄市路竹區北嶺國民小學,64000240,民治路85號,面向廚房大門右側柱子,22.823064,120.270554,,
高雄市那瑪夏區衛生所,64000380,瑪雅里平和巷252號,本所大廳外,23.238145,120.696441,,
高都汽車股份有限公司右昌修護廠,64000040,右昌街419號,高都汽車股份有限公司右昌修護廠顧客休息區及展示中心位置,22.715956,120.287889,,
高都汽車岡山服務場,64000190,岡山路620號,顧客休息室入口處左側靠牆處,22.804067,120.289691,,
高雄國際會議中心,64000010,中正四路274號,1F大門口進入後右側,22.626489,120.285646,,
高雄國際會議中心,64000010,中正四路274號,6F A門廳入口右側,22.626489,120.285646,,
信昌化工林園廠,64000130,高雄市林園區工業三路9號,現場控制室大門旁邊,22.497087,120.415107,,0910-757813
震南鐵線股份有限公司,64000240,環球路58號,A棟球化廠休息室,22.87878,120.291483,,0912-123047
震南鐵線股份有限公司,64000240,環球路58號,D棟熱處理廠辦公室門口旁,22.87878,120.291483,,0912-123047
震南鐵線股份有限公司,64000240,環球路58號,c棟螺絲廠出入口旁,22.87878,120.291483,,0912-123047
國際獅子會台灣總會高雄市第一、第二支會,64000060,民生一路271號1樓,進入門口左側,22.627006,120.30688,,0932-453850
高雄大遠百威秀影城,64000080,三多四路21號12F,13F大廳(手扶梯正前方),22.613073,120.303951,,0970-008072
田寮月世界解說中心,64000220,崇德里月球路34-1號,"高雄市田寮月世界解說中心(28省道旁)
地址：田寮區崇德里月球路34-1號",22.885348,120.393162,,
高雄市鳳山區正義國小,64000120,南昌街55號,本校川堂左側,22.604144,120.340267,,
高雄市私立樹德家商,64000050,建興路116號,放置於樹德樓1樓校安中心門口,22.643005,120.32803,,
高雄市立後勁國民中學,64000040,加昌路180號,二棟一樓學務處走廊,22.722479,120.31598,,平日1719假日719
夢時代購物中心,64000090,中華五路789號,西側3樓VIP廳旁,22.59434,120.305872,,全天
高雄市政府警察局仁武分局,64000170,中正路135號,分局大門一樓走廊右側,22.7021,120.350201,,全天
華東科技股份有限公司,64000090,加工出口區北一路28號,A15廠一樓大廳，警衛室正前方,22.605997,120.287926,,全天候開放
李長榮化學工業股份有限公司大社廠,64000160,經建路2號,李長榮大社廠 行政辦公室區域1F會客室門外,22.720339,120.350046,,周一至周五08001700
李長榮化學工業股份有限公司大社廠,64000160,經建路2號,李長榮大社廠守衛室內,22.727423,120.342644,,周一至周五08001700
高雄市仁武區八卦國民小學,64000170,八卦里永仁街555號,學校校門口直入川堂右側,22.688442,120.334158,,星期一~五07:3016:30
台灣人壽高雄分公司,64000060,六合二路1號17樓,台灣人壽大樓17F高雄分公司客服區,22.632753,120.3016,,星期一至五，電話072863087
法務部調查局南部地區機動工作站,64000110,平和南路129號,南機站B棟2樓走廊,22.563688,120.337342,,星期一至星期五
高雄市桃源區桃源國小,64000370,北進巷50號,學校川堂,23.160313,120.765965,,星期一到五
高雄市旗津區衛生所,64000100,旗津三路2號1樓,橘色 放置在AED特製專屬鐵櫃內,22.590026,120.28471,,無
受恩日間照顧中心,64000050,明誠一路20號,一樓大門進來櫃台後方,22.660322,120.330392,,週一~週五
高雄市立楠梓高級中學,64000040,清豐路19號,圖書館外走廊,22.726389,120.295676,,
